1;18.98751961843095;0.02049975794713035;0.0
2;4.013870823532826;6.016830633636767;0.0
1;18.981601908027518;0.0437587498337337;0.0
2;4.028978069523176;6.0321436105963695;0.0
1;18.973782854834283;0.06644932953460005;0.0
2;4.043660711198861;6.046775399225328;0.0
1;18.965547279738043;0.08899207344110342;0.0
2;4.059427348986787;6.062258940242753;0.0
1;18.95631415652734;0.11114493862319698;0.0
2;4.0759395367269775;6.077206194839025;0.0
1;18.946669953058386;0.1331219570617702;0.0
2;4.092763059889294;6.091528619417002;0.0
1;18.93647563052992;0.15484926219116055;0.0
2;4.108964166279803;6.1052396803853615;0.0
1;18.92652953795475;0.17669131434946675;0.0
2;4.126243548785839;6.119660699954459;0.0
1;18.916223022436704;0.19836562490081489;0.0
2;4.14281539136753;6.134321462558122;0.0
1;18.90553194005559;0.21985284802341135;0.0
2;4.160775520395188;6.1502410657350195;0.0
1;18.89444199095235;0.2411369507502735;0.0
2;4.178663535073527;6.166241657313694;0.0
1;18.882486756450763;0.26194734161666605;0.0
2;4.19597324080539;6.182866159937119;0.0
1;18.871287070339616;0.2831739058938111;0.0
2;4.213361267803064;6.1994087267611695;0.0
1;18.859732628207205;0.30420946785466174;0.0
2;4.230782684138753;6.2159161267035765;0.0
1;18.84682172891962;0.3244408464430282;0.0
2;4.248427351430969;6.232184676612742;0.0
1;18.833579870090503;0.3444571691510033;0.0
2;4.266844564437894;6.247573187426253;0.0
1;18.819707527837355;0.36404180906118705;0.0
2;4.2851788904938255;6.263060359152387;0.0
1;18.806747303927374;0.3842416257980576;0.0
2;4.304345328532758;6.277505000127495;0.0
1;18.795517853582826;0.40545245899619864;0.0
2;4.323490642444669;6.291977627919793;0.0
1;18.78353162675304;0.4262450145482448;0.0
2;4.342609955914571;6.306484586678941;0.0
1;18.771277432442385;0.44688077772281065;0.0
2;4.362060295694323;6.320544610948201;0.0
1;18.756831862288664;0.4660465154579968;0.0
2;4.381538006646175;6.334566692679389;0.0
1;18.741874732092302;0.4848157524240835;0.0
2;4.400978086144732;6.348640899907145;0.0
1;18.726690151724682;0.5034014598106562;0.0
2;4.419409429630986;6.364012483341902;0.0
1;18.711055803878015;0.5216104457079916;0.0
2;4.437803623018329;6.379428502595555;0.0
1;18.695177535283115;0.5396071283586432;0.0
2;4.457004043105187;6.393827942462723;0.0
1;18.67757856801566;0.5559251046767753;0.0
2;4.4761616597291445;6.408284281047907;0.0
1;18.65972467175247;0.5719637576196871;0.0
2;4.495126683893565;6.422705626685459;0.0
1;18.641148104365133;0.5871595183477205;0.0
2;4.513683933647741;6.436679859409293;0.0
1;18.622342002957577;0.602070271174076;0.0
2;4.532954609459916;6.449985752538644;0.0
1;18.603307428746543;0.6166882390425822;0.0
2;4.552327206508693;6.464005756997023;0.0
1;18.583913806785343;0.6308263940575092;0.0
2;4.5720812057167075;6.477635852935413;0.0
1;18.564643189011274;0.6451317528648155;0.0
2;4.591015264670166;6.49086606222363;0.0
1;18.546001726843134;0.6602478333168966;0.0
2;4.609037977197056;6.503616946284928;0.0
1;18.52639935523977;0.6740951084107071;0.0
2;4.627700409435679;6.515376920550332;0.0
1;18.50663644854303;0.6877122857575689;0.0
2;4.646688817096439;6.52835092880989;0.0
1;18.48672923681432;0.701117617576972;0.0
2;4.665445932457828;6.542394207677829;0.0
1;18.466687332106126;0.7143207253803523;0.0
2;4.685030647531394;6.556164240117577;0.0
1;18.446520008194348;0.7273314535013052;0.0
2;4.703828627292506;6.571085230597463;0.0
1;18.428078561072965;0.742690914040963;0.0
2;4.723533450631495;6.58478632315168;0.0
1;18.40948185624042;0.7578620237357462;0.0
2;4.7436892894712495;6.597814836522969;0.0
1;18.389934463491887;0.7717868015341384;0.0
2;4.762775223192116;6.612365683027647;0.0
1;18.37025889061587;0.7855298664033894;0.0
2;4.781774922490446;6.627028950963992;0.0
1;18.350921302240813;0.7997445656909911;0.0
2;4.800560501912353;6.641965550502817;0.0
1;18.331286819052067;0.8135462710171784;0.0
2;4.819024746146191;6.657297598144055;0.0
1;18.31155532658341;0.8272089283340859;0.0
2;4.837409024973365;6.672725439600484;0.0
1;18.29173422686175;0.8407412602035009;0.0
2;4.8549475359586785;6.687603543564178;0.0
1;18.271563269118335;0.8537463539637732;0.0
2;4.871592662534592;6.701882184817824;0.0
1;18.251165930829323;0.866393432311108;0.0
2;4.889025170493703;6.716213157835852;0.0
1;18.232275317029778;0.8811969693977777;0.0
2;4.906329506191847;6.7305687878197755;0.0
1;18.213658112854933;0.8963429163378697;0.0
2;4.92324795258917;6.747591307360105;0.0
1;18.194825223772536;0.9112198208818304;0.0
2;4.93966491831766;6.7642419554240165;0.0
1;18.17598955684989;0.926093208242449;0.0
2;4.955396033664803;6.780307760416762;0.0
1;18.15622575926925;0.9397090925395316;0.0
2;4.970592295998073;6.795900763419328;0.0
1;18.135583655480087;0.9519526031127867;0.0
2;4.986924797176698;6.811888584777855;0.0
1;18.114975488234506;0.9642531495550485;0.0
2;5.002615105458388;6.829231345221936;0.0
1;18.09373784349688;0.9754318098503717;0.0
2;5.018569230611826;6.84586985027239;0.0
1;18.072527320544857;0.9866618461861003;0.0
2;5.034890517915518;6.863465746974471;0.0
1;18.05211486122474;0.999284504563185;0.0
2;5.052403840160103;6.87987560815479;0.0
1;18.031300054268556;1.0112320487199011;0.0
2;5.069652848451421;6.8965630798915765;0.0
1;18.010500102128766;1.0232054354998588;0.0
2;5.086691449259947;6.9134653307028655;0.0
1;17.98909187944321;1.0340538455882422;0.0
2;5.103352809273816;6.930149467249233;0.0
1;17.96769612918054;1.044926833710063;0.0
2;5.119292280796262;6.946240238091714;0.0
1;17.946471745390472;1.056130651484906;0.0
2;5.135283128769118;6.964136963521496;0.0
1;17.924501316108802;1.0657898562751147;0.0
2;5.151409888018543;6.981911316846191;0.0
1;17.903116626318894;1.076684581723208;0.0
2;5.167466415322539;6.999749139889826;0.0
1;17.88174539732536;1.08760568841191;0.0
2;5.183427546691563;7.017672373008344;0.0
1;17.860350436222987;1.0984802292954592;0.0
2;5.199150885880003;7.035421569537158;0.0
1;17.838964051360495;1.1093716269336573;0.0
2;5.214596385763094;7.053791015183704;0.0
1;17.817000657108185;1.1190468175218362;0.0
2;5.229921956199098;7.072260635938097;0.0
1;17.79483012797843;1.128237445253747;0.0
2;5.244758143098924;7.091125618267095;0.0
1;17.772654598356038;1.137416001020668;0.0
2;5.2591431897054655;7.1095366522181935;0.0
1;17.751209832826596;1.1481919943107193;0.0
2;5.272963762917145;7.129157859013409;0.0
1;17.729479476208326;1.1583798106244745;0.0
2;5.287635643089791;7.148150908589491;0.0
1;17.707581933589854;1.1682031312072634;0.0
2;5.303706111956006;7.165976172414187;0.0
1;17.68577961180586;1.1782360153801834;0.0
2;5.319761951550964;7.183814614467824;0.0
1;17.664086264169804;1.1885024007392668;0.0
2;5.335810016962703;7.20166005076231;0.0
1;17.642816386620495;1.1996196085288808;0.0
2;5.351167694577142;7.220102982695464;0.0
1;17.621595694518938;1.2108304170069009;0.0
2;5.366476137275847;7.238586802163866;0.0
1;17.600043562268414;1.2213900379970668;0.0
2;5.382442022022881;7.256505801138262;0.0
1;17.578493726027336;1.2319543438418807;0.0
2;5.3974790209895565;7.275211112204272;0.0
1;17.55694264702812;1.2425161142412784;0.0
2;5.4122721201534185;7.294109900978374;0.0
1;17.536408501228372;1.2549398357559727;0.0
2;5.427334221418037;7.3127950048179144;0.0
1;17.51585746657611;1.2673356001423104;0.0
2;5.442411867469044;7.331467567297675;0.0
1;17.495286906239578;1.2796989349449022;0.0
2;5.458504020444044;7.349273257754076;0.0
1;17.4755201278921;1.2933104915701277;0.0
2;5.47462552263364;7.367052379418288;0.0
1;17.455253806401974;1.3061664712394823;0.0
2;5.49141813131851;7.384199049461094;0.0
1;17.43489813619137;1.3188805064084281;0.0
2;5.5080506143342305;7.4015010871657045;0.0
1;17.415277069003096;1.3327012778193592;0.0
2;5.524701413335231;7.418785499004938;0.0
1;17.39558816720824;1.346425240297903;0.0
2;5.54136321758539;7.436059302266797;0.0
1;17.374880690975193;1.3585578586491838;0.0
2;5.558032989709931;7.453325416401595;0.0
1;17.35411810620629;1.3705959263393936;0.0
2;5.574732211742939;7.470563049170984;0.0
1;17.333288822055906;1.3825182131075684;0.0
2;5.5909744773778085;7.487328694142726;0.0
1;17.312223937375443;1.394019110176873;0.0
2;5.608306148738525;7.502582264279822;0.0
1;17.29070054527761;1.4046371887508378;0.0
2;5.626353398218909;7.517628192639008;0.0
1;17.2692075977508;1.4151430662254658;0.0
2;5.644337292205842;7.533520944353761;0.0
1;17.2484747061572;1.4250610051092534;0.0
2;5.661529330216288;7.548828088915646;0.0
1;17.22866993760558;1.4344313600401197;0.0
2;5.679275554982757;7.562854029468596;0.0
1;17.20952182519325;1.4435373364585504;0.0
2;5.697728800265099;7.575983074445373;0.0
1;17.191166780426375;1.4521697226146209;0.0
2;5.7154572754162425;7.588700954841708;0.0
1;17.171259144689223;1.4642819208151006;0.0
2;5.732013472487695;7.602996933456235;0.0
1;17.152063660775188;1.475890777240802;0.0
2;5.747763896486425;7.616733350856244;0.0
1;17.133866341180894;1.488291169520804;0.0
2;5.763382313814223;7.6315384084282085;0.0
1;17.115053699194615;1.5011916384678783;0.0
2;5.7781648339759535;7.645724396140809;0.0
1;17.095374258455642;1.5138286969779906;0.0
2;5.792140800049934;7.65997605393782;0.0
1;17.075290203441977;1.5269675985381699;0.0
2;5.805491239679279;7.673717359122112;0.0
1;17.0559591389377;1.539494726382516;0.0
2;5.819750613025304;7.688426834004738;0.0
1;17.035750247965254;1.5518173347315751;0.0
2;5.8334987954858715;7.702738105853868;0.0
1;17.01704154686373;1.564574162606102;0.0
2;5.8465934203430425;7.716528357138983;0.0
1;16.999164395381857;1.5765962838235443;0.0
2;5.858176776825962;7.731439782344378;0.0
1;16.980553532086557;1.5884727198737825;0.0
2;5.870502334843379;7.747785866813433;0.0
1;16.962160019394556;1.598357409994488;0.0
2;5.884092670938497;7.763504327058172;0.0
1;16.942755222749884;1.6084571554600628;0.0
2;5.896957499374117;7.778528552514638;0.0
1;16.923344903761826;1.6192961229175589;0.0
2;5.909145360301768;7.792880799492487;0.0
1;16.90637667231655;1.6341697495910548;0.0
2;5.923812493041718;7.805826122363147;0.0
1;16.890465999546503;1.6496996566266715;0.0
2;5.9394806779476585;7.817399473022544;0.0
1;16.875376320719152;1.6658820457037682;0.0
2;5.956117784282757;7.828081038277975;0.0
1;16.86093648062412;1.6812742313992;0.0
2;5.972827854111468;7.838381116393408;0.0
1;16.846586071192174;1.6966060115429913;0.0
2;5.989027594043624;7.84839849614388;0.0
1;16.832662873421963;1.711339003936048;0.0
2;6.004539302363561;7.858053456830193;0.0
1;16.819076232299384;1.7255760641221662;0.0
2;6.019376469891948;7.8673449218398;0.0
1;16.80669581696691;1.7404551855239794;0.0
2;6.033562261739268;7.876277549745224;0.0
1;16.79328048775341;1.756777929118835;0.0
2;6.047175331126422;7.88489267327188;0.0
1;16.78079094491124;1.7741795239165181;0.0
2;6.063142260111594;7.898660622145531;0.0
1;16.767688673862196;1.7921543953017374;0.0
2;6.078568161641718;7.912305921266714;0.0
1;16.753751452580147;1.8092812614394138;0.0
2;6.095081789993668;7.927765229170985;0.0
1;16.739487852430425;1.8269294799990705;0.0
2;6.111098423412957;7.942695851526269;0.0
1;16.72582611606359;1.8436916110997532;0.0
2;6.128209939697764;7.959524280164582;0.0
1;16.712690979622952;1.8596471531025895;0.0
2;6.144621677631377;7.977035843715517;0.0
1;16.69997450087424;1.8749011041870625;0.0
2;6.161167928627668;7.99442036493319;0.0
1;16.687565694620744;1.889559885656766;0.0
2;6.1777362220637295;8.011783879917678;0.0
1;16.675429474625922;1.9036618791929532;0.0
2;6.194385055081856;8.029070185455142;0.0
1;16.663681294644636;1.918881852632604;0.0
2;6.211023996126026;8.046366012724418;0.0
1;16.652181759602072;1.933754677593;0.0
2;6.22727177378312;8.064029809632377;0.0
1;16.639682847163044;1.9492495199237256;0.0
2;6.243369384669143;8.081570612212115;0.0
1;16.626690355160676;1.9656551175977914;0.0
2;6.25688247302324;8.101404836248724;0.0
1;16.614134298130676;1.9813172810721598;0.0
2;6.270757746109856;8.120794002378553;0.0
1;16.600781589833883;1.99755523042542;0.0
2;6.286868323191108;8.1385830244458;0.0
1;16.58792057060274;2.013013390405706;0.0
2;6.302071284587249;8.157153699306653;0.0
1;16.574985509490524;2.027677581797878;0.0
2;6.318266082585481;8.174866082483302;0.0
1;16.56258299972986;2.041616900304695;0.0
2;6.334203223566794;8.192810650946816;0.0
1;16.550242187731076;2.056914693904462;0.0
2;6.350106057194261;8.210785630296376;0.0
1;16.538411369780448;2.0714379701143955;0.0
2;6.366038980779773;8.22873394347668;0.0
1;16.525211779707064;2.0846382223299016;0.0
2;6.3816273467297115;8.246982309075022;0.0
1;16.51121282338931;2.098659066033575;0.0
2;6.39626125515431;8.266004630810826;0.0
1;16.497739066824188;2.112587908905588;0.0
2;6.4109057663270095;8.285018791126568;0.0
1;16.483724677027705;2.127521307452545;0.0
2;6.425388237738965;8.303801240634835;0.0
1;16.470136917545478;2.1434383735789626;0.0
2;6.439124098911252;8.321598017697218;0.0
1;16.453934169543327;2.157535117340146;0.0
2;6.452141244561493;8.33844723330307;0.0
1;16.439294433870003;2.1720696737127723;0.0
2;6.464472780731572;8.354393173274802;0.0
1;16.424722326037582;2.187832473328634;0.0
2;6.476345611801332;8.371380831534708;0.0
1;16.410533971278493;2.2030317555314105;0.0
2;6.488925548387053;8.389758059294605;0.0
1;16.396666179792877;2.217704354339127;0.0
2;6.501622635859064;8.409423355258903;0.0
1;16.383929755572588;2.23342462551305;0.0
2;6.513936366606357;8.42910039564143;0.0
1;16.371249709866692;2.2486517793457237;0.0
2;6.52577149988939;8.447928736945807;0.0
1;16.357277393634266;2.2645811235023245;0.0
2;6.537139589249214;8.465972833958485;0.0
1;16.344285000985767;2.28135607461578;0.0
2;6.547985970904278;8.483082374274403;0.0
1;16.33178549571387;2.2973022018390155;0.0
2;6.558328937539504;8.499291809428758;0.0
1;16.319790089436932;2.312433920951955;0.0
2;6.569083000217239;8.514742670154138;0.0
1;16.30818099277945;2.327237559815051;0.0
2;6.5792965292221925;8.529373970510358;0.0
1;16.297074963035683;2.3412422038590135;0.0
2;6.591108209679684;8.544121649100044;0.0
1;16.28496660181728;2.3558507067751;0.0
2;6.601771037972115;8.559444086348543;0.0
1;16.272760278377024;2.3731847542261795;0.0
2;6.613311234659194;8.573237754334633;0.0
1;16.26113697211697;2.3908862156336927;0.0
2;6.624920253502047;8.59162448145929;0.0
1;16.24907536778193;2.411635136108382;0.0
2;6.637310924275114;8.612178587564724;0.0
1;16.237926984294074;2.4328886898255297;0.0
2;6.649488601446764;8.632057976993023;0.0
1;16.226892077370447;2.4534050263168385;0.0
2;6.661553281769258;8.652805109053046;0.0
1;16.214247012100977;2.473803612648514;0.0
2;6.673766861690659;8.673430321256944;0.0
1;16.202051500969354;2.493049754521049;0.0
2;6.6863469432838;8.693231715363737;0.0
1;16.190250395925343;2.511242254785944;0.0
2;6.699880038739206;8.713052293745683;0.0
1;16.179614842795512;2.5297258012411876;0.0
2;6.714558847322671;8.732039989197474;0.0
1;16.167129287099606;2.550222408252213;0.0
2;6.730696251568611;8.749804678448996;0.0
1;16.154466622029677;2.5706100739677096;0.0
2;6.747018870188307;8.767399340179077;0.0
1;16.14263040024054;2.5914883845736556;0.0
2;6.763328227784316;8.785006294907408;0.0
1;16.1288868297695;2.611163604285453;0.0
2;6.779663736839215;8.802588989351586;0.0
1;16.115137703591284;2.63083494204717;0.0
2;6.796031755156072;8.820141424407128;0.0
1;16.10203405743645;2.6509420168580156;0.0
2;6.812153939705069;8.837919927307206;0.0
1;16.088726253745715;2.6709145570301835;0.0
2;6.828318775526965;8.855659659065358;0.0
1;16.07553695656465;2.6909655530121683;0.0
2;6.844534240764733;8.873353123596724;0.0
1;16.06160178959503;2.7105055407687875;0.0
2;6.860766054562193;8.891031591314391;0.0
1;16.047482131959253;2.7299126340145157;0.0
2;6.876358189558307;8.909276736593696;0.0
1;16.033163947893456;2.749173724457633;0.0
2;6.891382692286785;8.927992086383693;0.0
1;16.018639651276985;2.7682798702698244;0.0
2;6.906508371832745;8.946625760693204;0.0
1;16.00388805645436;2.7872110733533346;0.0
2;6.921283101054351;8.965538914222645;0.0
1;15.988910116072715;2.805963707886217;0.0
2;6.935033067330701;8.9852096647777;0.0
1;15.973173101114773;2.824084037911178;0.0
2;6.950241173068659;9.003776127011069;0.0
1;15.956778605790747;2.8416117452076413;0.0
2;6.965458723198948;9.02233484916622;0.0
1;15.940188105620443;2.8589540433281075;0.0
2;6.9815535713829;9.040138103417496;0.0
1;15.92367376850317;2.8763688838262875;0.0
2;6.999072617993327;9.056541853167529;0.0
1;15.905945712969956;2.892546524167551;0.0
2;7.015117624043248;9.07439004021434;0.0
1;15.888336643170486;2.9088535981171404;0.0
2;7.031019765608681;9.092365631821654;0.0
1;15.87055541167638;2.924972773237256;0.0
2;7.046040278275578;9.111084184095363;0.0
1;15.852736656337362;2.941050458337053;0.0
2;7.062240844943539;9.128791291132847;0.0
1;15.834776244661134;2.956969742630652;0.0
2;7.077409398699624;9.147390080796391;0.0
1;15.816374515449288;2.9723767657699196;0.0
2;7.09271066338085;9.165879842805543;0.0
1;15.796878444650352;2.9863733090361277;0.0
2;7.1081454174703484;9.184258318427768;0.0
1;15.777278608401566;3.0002241725117678;0.0
2;7.122875196015485;9.203206501032207;0.0
1;15.757087214321627;3.013197514606565;0.0
2;7.137510749754924;9.222227556910891;0.0
1;15.73682180238054;3.026054927987881;0.0
2;7.154399776076865;9.23927926620635;0.0
1;15.717076082232541;3.039697014919026;0.0
2;7.171414546753119;9.25620550556524;0.0
1;15.6972478291521;3.0532188631572663;0.0
2;7.1885052741584285;9.273055046709064;0.0
1;15.677220363085665;3.066443862323912;0.0
2;7.206430784247866;9.289013620831883;0.0
1;15.657057664719288;3.0794617574912;0.0
2;7.223775223401992;9.305601882658513;0.0
1;15.637046054374503;3.092710736750318;0.0
2;7.241242828232784;9.322060399647453;0.0
1;15.616684764187186;3.105415769686436;0.0
2;7.258791971791655;9.33827626233171;0.0
1;15.596258359752724;3.1180158491258605;0.0
2;7.276361333475197;9.354626110344242;0.0
1;15.575671892850734;3.1303526793708327;0.0
2;7.294814459047158;9.369971538217893;0.0
1;15.55436410444084;3.1413970513801046;0.0
2;7.312067039404897;9.38665531689659;0.0
1;15.532437398000607;3.151155101630225;0.0
2;7.329306954540703;9.403184636181638;0.0
1;15.510761015476804;3.1606678440684393;0.0
2;7.346994044377252;9.41813036412346;0.0
1;15.489507023931473;3.171815392829982;0.0
2;7.365532106054727;9.43328894991283;0.0
1;15.469071473354623;3.182380311741325;0.0
2;7.38374866817838;9.448914469564832;0.0
1;15.44718649759421;3.1922315977470284;0.0
2;7.401330932358075;9.463973904639184;0.0
1;15.425933788276225;3.201671894455624;0.0
2;7.418307425589991;9.478590986418887;0.0
1;15.405518624392982;3.210622737447007;0.0
2;7.434486849077201;9.492505420298455;0.0
1;15.385853927490974;3.2191265969243403;0.0
2;7.4498968006314685;9.505755468414177;0.0
1;15.36682354516499;3.2272278854968555;0.0
2;7.467484481827761;9.520788148961389;0.0
1;15.346008843027562;3.2346461286807506;0.0
2;7.484677085265155;9.536642012370018;0.0
1;15.32594876523403;3.241691300155669;0.0
2;7.500364910580468;9.553114666406847;0.0
1;15.304330432464505;3.2490897180916174;0.0
2;7.515330619897837;9.568922278849264;0.0
1;15.282159786957655;3.255457266627207;0.0
2;7.530330316111106;9.586179830964067;0.0
1;15.26076097534695;3.2615475820914885;0.0
2;7.544665700314478;9.602722927619222;0.0
1;15.239949589887594;3.267406890879059;0.0
2;7.558362434442736;9.618573177033873;0.0
1;15.219887573600966;3.2730213347121104;0.0
2;7.573763134363263;9.633992172533203;0.0
1;15.200809464677954;3.2783566425328186;0.0
2;7.589246765655072;9.648662935306216;0.0
1;15.182404021922004;3.283422703070058;0.0
2;7.606306481300573;9.664010279499234;0.0
1;15.163669287558193;3.287708140779947;0.0
2;7.623150875958968;9.681106079234613;0.0
1;15.142417423515614;3.295273735396605;0.0
2;7.639965056055466;9.698231596677381;0.0
1;15.122034476243197;3.303276038130184;0.0
2;7.656602075223852;9.715188645010931;0.0
1;15.099469788450893;3.3114512974432486;0.0
2;7.672502701348622;9.731454036235474;0.0
1;15.076983731765413;3.319640869595703;0.0
2;7.688468993021267;9.747414697113022;0.0
1;15.05477790500351;3.328002414032846;0.0
2;7.703708131099101;9.762718687195015;0.0
1;15.033680471155435;3.3360848228346915;0.0
2;7.717763529138315;9.778859810751987;0.0
1;15.011382519245155;3.3449618347535073;0.0
2;7.732796582271945;9.795445200632265;0.0
1;14.989185963508183;3.3540894255317752;0.0
2;7.74882271105022;9.811198699112767;0.0
1;14.967061014255648;3.3633892438403636;0.0
2;7.7632450981246945;9.827228436594098;0.0
1;14.94563342000602;3.372619041516064;0.0
2;7.777144707147202;9.8426383198906;0.0
1;14.924067664712235;3.380610360451855;0.0
2;7.790531609336274;9.857445739944119;0.0
1;14.903463601323375;3.3884514211459598;0.0
2;7.805476213084269;9.871912841575396;0.0
1;14.882773905027697;3.397571915380944;0.0
2;7.820760307017439;9.884808877326364;0.0
1;14.860185280890763;3.4056808030728694;0.0
2;7.835335147580939;9.897180457713329;0.0
1;14.837324123224697;3.412986107321652;0.0
2;7.850354305563857;9.90815247277682;0.0
1;14.81454022639296;3.4205289214623305;0.0
2;7.865967967530559;9.917985591858807;0.0
1;14.79265060725768;3.4303698855468308;0.0
2;7.8816040015402;9.927452879987433;0.0
1;14.770856564243743;3.440420740689886;0.0
2;7.8972658090515155;9.938345175866655;0.0
1;14.74916865606288;3.4506986120034613;0.0
2;7.912247373090994;9.948860590771472;0.0
1;14.72754247859819;3.4611057464921564;0.0
2;7.9265448261146325;9.958995666402016;0.0
1;14.706047462458251;3.4717811519244477;0.0
2;7.9411502022060265;9.968317675989706;0.0
1;14.684413888766873;3.4821729029482014;0.0
2;7.955001550947169;9.977299066334105;0.0
1;14.663706904247565;3.494306360498181;0.0
2;7.969913994144648;9.98630148434262;0.0
1;14.643673241744203;3.5075219712181345;0.0
2;7.9858213218870855;9.996101608198371;0.0
1;14.6237164765218;3.520853419821264;0.0
2;8.001408586802688;10.005647264605527;0.0
1;14.604044470430424;3.5346015897482355;0.0
2;8.017007152608144;10.01535152386072;0.0
1;14.583806152192851;3.5475016081557706;0.0
2;8.032828578594868;10.024669332750266;0.0
1;14.563691332299232;3.560593362073687;0.0
2;8.04884584204128;10.03723083837581;0.0
1;14.544863206242155;3.575399086888615;0.0
2;8.06413840361381;10.049615686414485;0.0
1;14.525965546614488;3.5901936284697813;0.0
2;8.081021867161464;10.061502499241705;0.0
1;14.507281960377231;3.605028508332231;0.0
2;8.097145019807282;10.073019606454999;0.0
1;14.488646982538725;3.620152581889259;0.0
2;8.112693731023146;10.0846051601907;0.0
1;14.46939697944189;3.6344856688132907;0.0
2;8.129267510412031;10.095130039320756;0.0
1;14.450513961286768;3.649258636354281;0.0
2;8.145149410559535;10.10532505366919;0.0
1;14.431778914540375;3.6642585704678186;0.0
2;8.160298226445201;10.115128270386673;0.0
1;14.41249872591387;3.678551027447863;0.0
2;8.175384378773742;10.125284997387698;0.0
1;14.393291152654806;3.6929409242333753;0.0
2;8.189813067291611;10.135400512689428;0.0
1;14.37398419969453;3.7069767235984923;0.0
2;8.205928437072245;10.146089749730029;0.0
1;14.355672531152234;3.720428670344313;0.0
2;8.22225226133926;10.156087851612778;0.0
1;14.338369862280494;3.733278674452333;0.0
2;8.237831562260823;10.165840243872726;0.0
1;14.320616951983263;3.747391738840356;0.0
2;8.252612730764953;10.175151131536118;0.0
1;14.303754220889655;3.760929029542726;0.0
2;8.266631740510087;10.184044795380542;0.0
1;14.287636240041397;3.7747881004610155;0.0
2;8.282038853132171;10.191970853321562;0.0
1;14.272337607022504;3.7899278059146257;0.0
2;8.296847872859656;10.201975457141863;0.0
1;14.257286579305312;3.8045864543116052;0.0
2;8.312734918029818;10.21275771330611;0.0
1;14.241018344184942;3.818743427342329;0.0
2;8.327826031499171;10.223118402550728;0.0
1;14.224885383277915;3.8341540504135008;0.0
2;8.342156925968366;10.233082768013395;0.0
1;14.209338405329136;3.849454250739699;0.0
2;8.355844544139053;10.242846048844232;0.0
1;14.193105521294916;3.8655399968330335;0.0
2;8.368901997474866;10.252318564031922;0.0
1;14.17748074962745;3.8811527000704213;0.0
2;8.383483908835794;10.261185140477519;0.0
1;14.162206530648442;3.898371238776574;0.0
2;8.402237139515897;10.27108108555317;0.0
1;14.147579752961255;3.914951301337447;0.0
2;8.421975303432102;10.284469685138404;0.0
1;14.13035148092357;3.9316601804918236;0.0
2;8.441004751382279;10.297566883238549;0.0
1;14.112800839212715;3.948030121711547;0.0
2;8.45925968433538;10.310353383956347;0.0
1;14.095296502182233;3.9644495670469815;0.0
2;8.476698474858562;10.322795203537806;0.0
1;14.07783934748261;3.980919167825186;0.0
2;8.494256909430042;10.333614198011334;0.0
1;14.060492198865667;3.997377704181069;0.0
2;8.511990846774589;10.346299016609606;0.0
1;14.043624921869155;4.013952292420657;0.0
2;8.530524382913894;10.357762387941388;0.0
1;14.027803340122405;4.031998830898464;0.0
2;8.5503124116175;10.371343032993272;0.0
1;14.012618760416808;4.050584538825912;0.0
2;8.569373590421169;10.385926292663681;0.0
1;13.998533643186306;4.0700167150448285;0.0
2;8.588327041979811;10.400649290796336;0.0
1;13.982979532145317;4.08829428681256;0.0
2;8.607613005587963;10.414933954170216;0.0
1;13.96574599451987;4.104997734986884;0.0
2;8.625799037365338;10.430594996542686;0.0
1;13.94950296210828;4.122665895561094;0.0
2;8.643143538691694;10.447183193362715;0.0
1;13.93348499129846;4.140538349537416;0.0
2;8.660543790082412;10.463712901513187;0.0
1;13.917552031406942;4.158486630488395;0.0
2;8.677999165126291;10.480184388455097;0.0
1;13.902214947225648;4.176946691398801;0.0
2;8.694992657463025;10.497131990592312;0.0
1;13.886898079063688;4.195423529594476;0.0
2;8.711733536441292;10.514329169751553;0.0
1;13.871606078744822;4.213920954448975;0.0
2;8.7290210868229;10.530976710164579;0.0
1;13.85746381075949;4.233311577343329;0.0
2;8.74544989001966;10.548472264614842;0.0
1;13.84330540410754;4.252690419441813;0.0
2;8.761767614644342;10.566071465252175;0.0
1;13.829310372514808;4.272187575406683;0.0
2;8.777974559886523;10.583772734300378;0.0
1;13.81528722417028;4.291664518455;0.0
2;8.79407155183159;10.60157405027197;0.0
1;13.801223557049916;4.311112224415539;0.0
2;8.810241492946549;10.619309128629249;0.0
1;13.785527851842147;4.329268348397019;0.0
2;8.826350264369887;10.637099785818645;0.0
1;13.770551933268095;4.348022597591891;0.0
2;8.84229142729841;10.655040781456746;0.0
1;13.755726506593703;4.3668960372339445;0.0
2;8.858215016679836;10.672997376379273;0.0
1;13.741303247610437;4.38607857096392;0.0
2;8.87420045147722;10.690898937046953;0.0
1;13.728352443775078;4.406284428530924;0.0
2;8.891093858271425;10.707946306547422;0.0
1;13.715441157806897;4.426515560349185;0.0
2;8.907471396100837;10.725489859626721;0.0
1;13.70243444354529;4.4466854731927485;0.0
2;8.923820436178694;10.743059973130412;0.0
1;13.689319612002645;4.466785254127079;0.0
2;8.940620629835719;10.760199211534918;0.0
1;13.676223826541516;4.486595466705534;0.0
2;8.957413140807141;10.77734597727294;0.0
1;13.663679726338641;4.50530402766457;0.0
2;8.973274833037427;10.795357271496057;0.0
1;13.650703576660296;4.525493617544634;0.0
2;8.988286270935099;10.814083102111661;0.0
1;13.635013767993255;4.543654837327227;0.0
2;9.003640356549141;10.832529024559635;0.0
1;13.620149690018607;4.5624978515755785;0.0
2;9.018970880602433;10.850994533820185;0.0
1;13.605198440589312;4.5812717733955655;0.0
2;9.03456668724717;10.867829027927844;0.0
1;13.589522958137245;4.599445359995213;0.0
2;9.050899773127346;10.884317087241586;0.0
1;13.572977528024985;4.616830662477493;0.0
2;9.067637759091625;10.901517082179364;0.0
1;13.55638208149854;4.634168227317685;0.0
2;9.083961745629333;10.918387202215708;0.0
1;13.540005381185388;4.651165842562979;0.0
2;9.09943833075489;10.934979594049405;0.0
1;13.522904133250123;4.668004705917035;0.0
2;9.114160775326113;10.950836192616292;0.0
1;13.506838841289321;4.685834635648086;0.0
2;9.128425201227575;10.967502887057533;0.0
1;13.490198849635604;4.703129452147958;0.0
2;9.141625573500779;10.984395164596407;0.0
1;13.473488371359206;4.7203561731294466;0.0
2;9.154743847185427;11.0006461927766;0.0
1;13.457108636844415;4.7371569176289405;0.0
2;9.167277548829178;11.01618057283981;0.0
1;13.440442582038092;4.752701243145311;0.0
2;9.180698069150495;11.030683959771894;0.0
1;13.423446046002507;4.7664605027537945;0.0
2;9.195062379313594;11.044809810842755;0.0
1;13.407720365439857;4.783948366689035;0.0
2;9.208734517291887;11.058288681818095;0.0
1;13.392452636544073;4.802465830186091;0.0
2;9.221741155167223;11.0711496555759;0.0
1;13.377348967783629;4.8205337098379655;0.0
2;9.234109216203322;11.083423355925927;0.0
1;13.362827867444313;4.8377879055013;0.0
2;9.245847859085057;11.095704850015641;0.0
1;13.349711520668974;4.855372690892537;0.0
2;9.257018371785422;11.107419302151252;0.0
1;13.337108839379551;4.872139197158869;0.0
2;9.26860780677185;11.120188675104464;0.0
1;13.324986507950292;4.888135000069531;0.0
2;9.279691708153857;11.132829839798188;0.0
1;13.312889875956932;4.905023821307037;0.0
2;9.291795203715267;11.144386386201642;0.0
1;13.301030261839017;4.921381389918776;0.0
2;9.306218499044812;11.156535543950815;0.0
1;13.289156906214757;4.938945477518894;0.0
2;9.320088535803558;11.168458911421437;0.0
1;13.274493499368635;4.956050542784328;0.0
2;9.333562094560186;11.18014025244905;0.0
1;13.259557859236624;4.974836885000072;0.0
2;9.345481908457039;11.192835738075345;0.0
1;13.244497527442151;4.993523415074979;0.0
2;9.356894737453608;11.205019986680075;0.0
1;13.228269020289824;5.011204918280501;0.0
2;9.367809911511051;11.217189976774398;0.0
1;13.212653123524891;5.0294297301650435;0.0
2;9.37817833570089;11.229483220643374;0.0
1;13.196589861238706;5.047261488483427;0.0
2;9.377400462581718;11.247437804618361;0.0
1;13.18041596298013;5.064992958110087;0.0
2;9.37725665715147;11.264849580662178;0.0
1;13.165257981379149;5.083491617920528;0.0
2;9.377030907593454;11.281859260619402;0.0
1;13.148847232736935;5.100627954978449;0.0
2;9.37757329872324;11.30002441336551;0.0
1;13.13258295106969;5.118276556675141;0.0
2;9.37824991569849;11.317463099251839;0.0
1;13.1158361040004;5.135467924079679;0.0
2;9.377841842862788;11.335600144780862;0.0
1;13.098338153340988;5.151894175104208;0.0
2;9.377643688718031;11.355025299404653;0.0
1;13.081650151461227;5.169142670495432;0.0
2;9.377613926946658;11.373716043625528;0.0
1;13.065153298028827;5.185934091233411;0.0
2;9.3777329857068;11.39169237337733;0.0
1;13.047582060988612;5.202281923777103;0.0
2;9.379856774549408;11.409895019901741;0.0
1;13.030682087653025;5.219322783534066;0.0
2;9.383362257684599;11.42905080824223;0.0
1;13.013648157773112;5.236229741653319;0.0
2;9.385661621582491;11.449157147570151;0.0
1;12.99639838487598;5.252916423018927;0.0
2;9.388477996349453;11.470686424527443;0.0
1;12.978204182258242;5.268567972178826;0.0
2;9.390440999485579;11.494528459742257;0.0
1;12.960721807964912;5.285010800070277;0.0
2;9.391075398757883;11.517786788892701;0.0
1;12.94317250801205;5.301382179705619;0.0
2;9.391844301252108;11.540421426364913;0.0
1;12.925480050377192;5.317598743547529;0.0
2;9.392166574940747;11.563096786158527;0.0
1;12.907724754512596;5.33374648236015;0.0
2;9.392379010434967;11.587095845955961;0.0
1;12.890159597937009;5.34957386635586;0.0
2;9.392836371931073;11.610978794673443;0.0
1;12.873159464529975;5.365363975917983;0.0
2;9.39394415922715;11.634953214526833;0.0
1;12.856677312396627;5.380543752108337;0.0
2;9.395286159753375;11.658915665039826;0.0
1;12.840176929541487;5.396565930593375;0.0
2;9.398817173244618;11.682654492806265;0.0
1;12.825223791964808;5.412586293057054;0.0
2;9.401606224172651;11.70649188349654;0.0
1;12.807349747357124;5.427037650850603;0.0
2;9.40459570410872;11.73030496833895;0.0
1;12.793358919739722;5.444001679808081;0.0
2;9.40768590272337;11.754105192550542;0.0
1;12.778233883064845;5.459534279143081;0.0
2;9.410859236420695;11.777894474869381;0.0
1;12.763673054997431;5.4742190649796525;0.0
2;9.411118512184082;11.801893074330152;0.0
1;12.749664202802753;5.488088184506847;0.0
2;9.410878100669153;11.825891870181268;0.0
1;12.736196050402596;5.501175773363488;0.0
2;9.410739676776428;11.84989147098682;0.0
1;12.722580538986975;5.51344941442103;0.0
2;9.41115603403484;11.873887859186576;0.0
1;12.709505384293633;5.525063220955892;0.0
2;9.411692021477847;11.897881873387226;0.0
1;12.695099987496326;5.53575849551715;0.0
2;9.412174412853329;11.92187702495084;0.0
1;12.68047160367537;5.545597830589202;0.0
2;9.41171244388652;11.945872578386293;0.0
1;12.666518548779008;5.555528216964388;0.0
2;9.411595191230425;11.969872291964055;0.0
1;12.652151451093948;5.567104144866687;0.0
2;9.412352045358862;11.993860355075283;0.0
1;12.636803665057393;5.579987190050886;0.0
2;9.413307723952824;12.01784131999384;0.0
1;12.620747481806724;5.59322837510264;0.0
2;9.414476154192025;12.041812860844944;0.0
1;12.604206404272492;5.607154727032037;0.0
2;9.416010944276435;12.065763735972938;0.0
1;12.58736778082318;5.619922238457123;0.0
2;9.418682873048981;12.089614538823879;0.0
1;12.570672897053749;5.635308568120021;0.0
2;9.42373198441998;12.113077413207963;0.0
1;12.553395581575211;5.650094079784946;0.0
2;9.428889188199511;12.136516765783842;0.0
1;12.53659587960703;5.664400069270007;0.0
2;9.433047882000178;12.160153712834429;0.0
1;12.520937577649995;5.679922730147601;0.0
2;9.437195234237484;12.18379265251919;0.0
1;12.505427669727869;5.696575019062066;0.0
2;9.441457131089372;12.207411209528962;0.0
1;12.488708388280559;5.712983482127229;0.0
2;9.444801928867076;12.231176990135252;0.0
1;12.472714926149653;5.728695608382379;0.0
2;9.447878164674682;12.254979023100022;0.0
1;12.457424381412519;5.743742145244121;0.0
2;9.451063216029139;12.278766739423148;0.0
1;12.442808791276422;5.758155694866282;0.0
2;9.454471091904047;12.3025235570135;0.0
1;12.427273518174948;5.775010897292345;0.0
2;9.458428559538543;12.326195026125532;0.0
1;12.41066598196629;5.792336881855368;0.0
2;9.462488442905611;12.349849145154694;0.0
1;12.394071201019207;5.809675083760939;0.0
2;9.467265451914825;12.373368927996504;0.0
1;12.377852926725279;5.826636050569662;0.0
2;9.471615851285664;12.396971343663427;0.0
1;12.362118837188037;5.843049276987983;0.0
2;9.476025096545934;12.420562836965777;0.0
1;12.34525690515941;5.8601277795061195;0.0
2;9.479763562354545;12.444269879661944;0.0
1;12.328713457697297;5.876824101056073;0.0
2;9.483519551163837;12.467974152442698;0.0
1;12.311252833998005;5.89329002404969;0.0
2;9.487308862817757;12.491673121137337;0.0
1;12.29376399852045;5.909725979563108;0.0
2;9.489858012504646;12.515348710217205;0.0
1;12.275522251225986;5.925322089836022;0.0
2;9.492367451551571;12.537928226982102;0.0
1;12.257331515663305;5.940977668384532;0.0
2;9.494028209288672;12.561870697275257;0.0
1;12.23831883297358;5.955624097879116;0.0
2;9.494728694001235;12.584693326288336;0.0
1;12.219320080041914;5.970288591973407;0.0
2;9.498181618950266;12.607798548626098;0.0
1;12.200343827603268;5.984982190694782;0.0
2;9.503015144539633;12.629667522196796;0.0
1;12.181048360365304;5.999254014126589;0.0
2;9.50813250283065;12.650797574537892;0.0
1;12.161572632353469;6.013278849897786;0.0
2;9.51305241247873;12.671002208083996;0.0
1;12.142146616793669;6.02737246261669;0.0
2;9.518812887867313;12.691622489367507;0.0
1;12.122445188055691;6.041078435974404;0.0
2;9.524379536807455;12.711693468616485;0.0
1;12.102793910489291;6.0548562184523025;0.0
2;9.53107991618779;12.733807197008863;0.0
1;12.083193919026774;6.068706862288214;0.0
2;9.539797798595494;12.755930166285145;0.0
1;12.06418739976683;6.083361289114991;0.0
2;9.548174898288103;12.77716472236105;0.0
1;12.044415917828482;6.096966012631535;0.0
2;9.554955724712439;12.798037302084914;0.0
1;12.024229583084015;6.109947225578879;0.0
2;9.562633823253162;12.8192102906312;0.0
1;12.004368701452327;6.123421103298824;0.0
2;9.570051253608396;12.839397903215861;0.0
1;11.984537146877836;6.1369381090012345;0.0
2;9.57721810504895;12.858632329228007;0.0
1;11.965326375464857;6.151323735915564;0.0
2;9.585068660836864;12.878807300726505;0.0
1;11.946794575315904;6.166574059952754;0.0
2;9.59285504117421;12.89821809399385;0.0
1;11.92824179771745;6.181798856942609;0.0
2;9.601788079483182;12.916435869292098;0.0
1;11.909744368738833;6.19709085227288;0.0
2;9.6100506294301;12.936479574824014;0.0
1;11.891273343616552;6.212414730076232;0.0
2;9.618018732440296;12.955808182948532;0.0
1;11.873794580465338;6.228861396568375;0.0
2;9.626821946156802;12.975396166363423;0.0
1;11.855682744298264;6.244608186420819;0.0
2;9.635683858892335;12.994421063358363;0.0
1;11.83710318487972;6.259800288704991;0.0
2;9.644531000599907;13.013029313499556;0.0
1;11.819127367357588;6.275702174895346;0.0
2;9.653247387507804;13.031111883400804;0.0
1;11.801146797178257;6.291598686966431;0.0
2;9.661731670014419;13.048519661799363;0.0
1;11.783198879740846;6.307532056342049;0.0
2;9.669747695667779;13.065715704573316;0.0
1;11.76521056313811;6.323419802116693;0.0
2;9.673081749021458;13.082396032324386;0.0
1;11.746364860967281;6.338280472010357;0.0
2;9.677189993677311;13.100565329823935;0.0
1;11.727585069339192;6.353224347893325;0.0
2;9.681225826449854;13.117927237265857;0.0
1;11.708664729191355;6.367989872898896;0.0
2;9.683963596240442;13.135946585996184;0.0
1;11.689789652950072;6.382813215871578;0.0
2;9.686689705590847;13.153187292958311;0.0
1;11.670971721260043;6.397709035651281;0.0
2;9.689398623195089;13.16969774926011;0.0
1;11.652306011334781;6.412795164146889;0.0
2;9.692254792420535;13.185790033635856;0.0
1;11.633707506468799;6.427964067098324;0.0
2;9.69823066981077;13.203157763794936;0.0
1;11.61514546069614;6.443177562973163;0.0
2;9.705730694889565;13.223290785111383;0.0
1;11.597819472835004;6.45940281648216;0.0
2;9.712292400719669;13.245758886680816;0.0
1;11.580580766443019;6.476100930205899;0.0
2;9.720163713333726;13.267725878882116;0.0
1;11.56365175794365;6.492572100761375;0.0
2;9.726711468536518;13.290815419843431;0.0
1;11.545663599892906;6.508238385222925;0.0
2;9.731800075972266;13.314269760046576;0.0
1;11.527111475088242;6.523463977665656;0.0
2;9.736883833502828;13.33772515195058;0.0
1;11.508654149203458;6.5388043531885325;0.0
2;9.742992163336046;13.360934811720785;0.0
1;11.490573761930039;6.553834978770422;0.0
2;9.747718254715595;13.384464878874793;0.0
1;11.471499403294207;6.568400995474782;0.0
2;9.752433224601186;13.407997177083383;0.0
1;11.453000593990641;6.582651555695457;0.0
2;9.757074538745275;13.431252846749974;0.0
1;11.435340225844216;6.596323910326373;0.0
2;9.761568757411716;13.453668953127162;0.0
1;11.418357345861384;6.609498690304573;0.0
2;9.766943306569134;13.475493199267433;0.0
1;11.402177381515335;6.622134257865985;0.0
2;9.770305170286882;13.498264777922902;0.0
1;11.38677200934635;6.634252655681437;0.0
2;9.775563252118284;13.521681707171936;0.0
1;11.372110822191107;6.645876242869977;0.0
2;9.780253729907349;13.54463705064387;0.0
1;11.35666877166232;6.6583739050130974;0.0
2;9.784660867138129;13.566569902310889;0.0
1;11.343358507241929;6.673704056426782;0.0
2;9.789660635758532;13.590043340783819;0.0
1;11.330697980244645;6.69016779350856;0.0
2;9.794459550958612;13.613032856378997;0.0
1;11.318574616804975;6.705955768021871;0.0
2;9.7989405057131;13.634998989764142;0.0
1;11.306954192718019;6.7211220553039945;0.0
2;9.802844815838904;13.658679284577373;0.0
1;11.295745653739683;6.735835409832441;0.0
2;9.80664504610116;13.682289723198704;0.0
1;11.283989690555543;6.7513908752140015;0.0
2;9.812303856099877;13.705613056352401;0.0
1;11.272324055844672;6.768165816618087;0.0
2;9.817850694725323;13.728963272224279;0.0
1;11.25940470945925;6.785205695128558;0.0
2;9.822168916696025;13.752571596159106;0.0
1;11.244087677406286;6.80335797981474;0.0
2;9.82719510348556;13.776039392100708;0.0
1;11.229291084766585;6.820792484413832;0.0
2;9.832094061697623;13.799534076785472;0.0
1;11.212993567539518;6.837554752079705;0.0
2;9.837725494729453;13.8228640352511;0.0
1;11.19573213606821;6.854229373021765;0.0
2;9.843197881951511;13.846231811741214;0.0
1;11.178072784932729;6.870293040511424;0.0
2;9.84918637573934;13.869472679671503;0.0
1;11.161037091777512;6.885708547228608;0.0
2;9.856017487331291;13.892479980999958;0.0
1;11.144475702073898;6.900499918481093;0.0
2;9.863055924117386;13.915424706049699;0.0
1;11.128544756540625;6.914619859032557;0.0
2;9.868257252400639;13.938854306645736;0.0
1;11.113112759470122;6.928447472319612;0.0
2;9.873175063647809;13.96162506153704;0.0
1;11.098581741197671;6.942724724341335;0.0
2;9.87770481240682;13.983203237840158;0.0
1;11.083936025004549;6.959367582170157;0.0
2;9.882086728121408;14.005432011526159;0.0
1;11.066777522997695;6.976148100901138;0.0
2;9.886340024110611;14.026924426372222;0.0
1;11.050399973000689;6.993691642621542;0.0
2;9.890178534510543;14.047655898542825;0.0
1;11.033954121136475;7.011171172262249;0.0
2;9.89449608153571;14.067915260160856;0.0
1;11.018585350244422;7.0296048610213555;0.0
2;9.898523178947116;14.08727809902912;0.0
1;11.002099390828004;7.046522437697289;0.0
2;9.905942660366708;14.107327706808169;0.0
1;10.986814388481857;7.064296013112279;0.0
2;9.912864190578459;14.12648438406927;0.0
1;10.971898784990275;7.083069978433206;0.0
2;9.919990388972163;14.146831464308187;0.0
1;10.956378848868637;7.101376577865659;0.0
2;9.926492085939863;14.166595186881992;0.0
1;10.940934207187295;7.1194654929690095;0.0
2;9.934086545290874;14.186132645574206;0.0
1;10.923922341530348;7.136394652040564;0.0
2;9.941361661075533;14.205122799205071;0.0
1;10.90644740576376;7.152579562546376;0.0
2;9.949153584624456;14.223844067059833;0.0
1;10.888189632603709;7.168156908894073;0.0
2;9.957694557789784;14.243236031133206;0.0
1;10.869972844995546;7.183685735744391;0.0
2;9.967276958415077;14.262132228277398;0.0
1;10.852412945399546;7.200045745713165;0.0
2;9.976211349353894;14.282405490074924;0.0
1;10.834312946496253;7.215806140368781;0.0
2;9.982969790072582;14.30348807856371;0.0
1;10.816192722318158;7.231543277202895;0.0
2;9.989027546727323;14.325980402789668;0.0
1;10.798655262531474;7.246723307237907;0.0
2;9.993602680385377;14.349422666641269;0.0
1;10.781789910712815;7.2612608745147265;0.0
2;9.997929887771326;14.3730293452776;0.0
1;10.765619049564195;7.275155994503268;0.0
2;10.002070895872638;14.396669397136781;0.0
1;10.750063543663012;7.290448858937444;0.0
2;10.00591992404536;14.419550217815534;0.0
1;10.735214406627804;7.305016449880973;0.0
2;10.009448299004712;14.44147759914353;0.0
1;10.719010413055317;7.318871354697623;0.0
2;10.012729754424823;14.46264834198972;0.0
1;10.712842690245797;7.341411781282352;0.0
2;10.012013203739006;14.484968262509135;0.0
1;10.706236380842721;7.364484637110594;0.0
2;10.011251888049227;14.506358783755779;0.0
1;10.699915102470339;7.386883018320373;0.0
2;10.012193530447531;14.526975282487522;0.0
1;10.69348585383679;7.408785817079993;0.0
2;10.012973090749735;14.546747599363227;0.0
1;10.687413150885543;7.429832131213262;0.0
2;10.012614487893025;14.567646872802733;0.0
1;10.683163253819853;7.451209292949791;0.0
2;10.012759242772352;14.589618977629922;0.0
1;10.679151485552815;7.4716545604174405;0.0
2;10.012771649786421;14.61074222994168;0.0
1;10.675246885412347;7.493176849387092;0.0
2;10.014246714374433;14.63469685756269;0.0
1;10.671555443812014;7.513722403072495;0.0
2;10.01565838562993;14.658655304596385;0.0
1;10.66617400754312;7.533370783247695;0.0
2;10.018408299117564;14.6824972419298;0.0
1;10.659998707803425;7.554834367502436;0.0
2;10.021001882366248;14.70635669133527;0.0
1;10.652833020537843;7.577739670949714;0.0
2;10.023735734330677;14.730200475712683;0.0
1;10.645766731665201;7.600675833696965;0.0
2;10.02773960161451;14.753864140829766;0.0
1;10.638983900098086;7.622828100016715;0.0
2;10.030120200411684;14.777745781254303;0.0
1;10.63254661668214;7.643966640228412;0.0
2;10.032836270010218;14.801591597783329;0.0
1;10.62670002669087;7.664696021660309;0.0
2;10.035411541243871;14.825301107413415;0.0
1;10.622124481972932;7.688255826212431;0.0
2;10.035922279968766;14.848262900475982;0.0
1;10.617112085107472;7.711726571357465;0.0
2;10.03791193400251;14.870133500640721;0.0
1;10.610812881968233;7.7348851559387946;0.0
2;10.039484340984073;14.891280952935437;0.0
1;10.604512014802426;7.758043287835795;0.0
2;10.040225191115885;14.913211760666766;0.0
1;10.599640153515981;7.781543606293332;0.0
2;10.039625976556314;14.93720427912381;0.0
1;10.594480826225753;7.804982491546524;0.0
2;10.038976824943864;14.96119549839637;0.0
1;10.588932741685738;7.828332411416555;0.0
2;10.039680979584967;14.984460589530636;0.0
1;10.582712803629885;7.851512410781985;0.0
2;10.040302865453567;15.007158744449416;0.0
1;10.576392099799799;7.8746651363902656;0.0
2;10.04186202474187;15.029452307736152;0.0
1;10.570007382387637;7.897800291102668;0.0
2;10.042584969145167;15.053441416752323;0.0
1;10.563844757487715;7.9209955935224015;0.0
2;10.041675961909103;15.077424196112622;0.0
1;10.557852704579876;7.943269816415461;0.0
2;10.042023176798432;15.101421684352449;0.0
1;10.552091236429883;7.964454170844602;0.0
2;10.042249464634065;15.125115807116543;0.0
1;10.546563720797218;7.984591430755814;0.0
2;10.042360354074615;15.14765184960503;0.0
1;10.541029403785457;8.00794461758788;0.0
2;10.041907783304008;15.169536210344809;0.0
1;10.5359143424043;8.03139320277051;0.0
2;10.041448762856728;15.190385256094103;0.0
1;10.5308376992517;8.054850135526118;0.0
2;10.040727278593993;15.2139623798453;0.0
1;10.524085635545458;8.077880759393198;0.0
2;10.04097113243108;15.2377912200955;0.0
1;10.51830114592152;8.10117324057899;0.0
2;10.04120273908044;15.26070937211719;0.0
1;10.512491586997815;8.124459481690685;0.0
2;10.040729184757302;15.284322237520595;0.0
1;10.506795497127428;8.147773738277342;0.0
2;10.043446603592505;15.308167900331137;0.0
1;10.501057481600071;8.17107771171124;0.0
2;10.045873436296672;15.332044886804015;0.0
1;10.49475179808631;8.19423453263779;0.0
2;10.04800759927336;15.35594980990343;0.0
1;10.491467667093948;8.218008772554661;0.0
2;10.05007260354805;15.379860806481272;0.0
1;10.4881278770789;8.241686816861227;0.0
2;10.052143494220486;15.403771293967369;0.0
1;10.484867875144037;8.26434215805365;0.0
2;10.05420058069554;15.427682973022469;0.0
1;10.481388978792255;8.287337657238734;0.0
2;10.055413427997772;15.451652307627782;0.0
1;10.476579679358567;8.31085085861492;0.0
2;10.057114337042455;15.475591959012498;0.0
1;10.471775206177242;8.33415654457223;0.0
2;10.060568203180864;15.49934213393181;0.0
1;10.467120920885312;8.356469516008827;0.0
2;10.065463417551872;15.522837598946614;0.0
1;10.462453374972325;8.3780391939985;0.0
2;10.068646939891611;15.546625519946828;0.0
1;10.458140957582774;8.399137491884925;0.0
2;10.072252186647463;15.57035318725378;0.0
1;10.453021351645639;8.422585085259266;0.0
2;10.076958417724553;15.593887234696773;0.0
1;10.447810102806088;8.446012481306038;0.0
2;10.081448648534929;15.617193751674444;0.0
1;10.442849961905347;8.469494325404082;0.0
2;10.082827422758076;15.641154114393768;0.0
1;10.437805410554116;8.49279666130148;0.0
2;10.084583745534987;15.66508976417194;0.0
1;10.432312443059763;8.516159608634938;0.0
2;10.086233736858834;15.6890329788398;0.0
1;10.426869589830993;8.538885289526846;0.0
2;10.08778252744784;15.712982952695974;0.0
1;10.420711522286108;8.560919939507702;0.0
2;10.089249022005147;15.736938106498723;0.0
1;10.413025112725567;8.582119846820738;0.0
2;10.08981208649035;15.760931500555953;0.0
1;10.407227564723874;8.603278863239241;0.0
2;10.090311922232456;15.784926295079577;0.0
1;10.400067179360578;8.626185824658188;0.0
2;10.089823386101674;15.808921322323757;0.0
1;10.393835266311289;8.649362607432035;0.0
2;10.089572212608227;15.832920007951852;0.0
1;10.387653275930088;8.672552756093197;0.0
2;10.08927760243239;15.856918199651318;0.0
1;10.381119392186429;8.695646226235736;0.0
2;10.089308090440051;15.880217814429258;0.0
1;10.374649495344846;8.718757704657925;0.0
2;10.090236743145407;15.903960220265537;0.0
1;10.368298138406518;8.741902040142918;0.0
2;10.091071154894118;15.92648789310059;0.0
1;10.362463358184502;8.765181974416038;0.0
2;10.091771299677147;15.94799670186694;0.0
1;10.357764911140213;8.788717577135577;0.0
2;10.091681060868627;15.970138647238112;0.0
1;10.354237842201583;8.812456991296465;0.0
2;10.091569165165124;15.991202511606897;0.0
1;10.35067887325357;8.836191644022533;0.0
2;10.09140378196146;16.012837730875034;0.0
1;10.34591001957415;8.859713081788628;0.0
2;10.090314043982522;16.035115998782913;0.0
1;10.341111559772534;8.883228497658484;0.0
2;10.08927141378551;16.056529002810603;0.0
1;10.336322931646928;8.906745917599341;0.0
2;10.088260704821217;16.07705202972088;0.0
1;10.332522629822904;8.9304431264233;0.0
2;10.085341652862017;16.097375987937525;0.0
1;10.328610679597869;8.954122160302175;0.0
2;10.082564530155224;16.116737299086193;0.0
1;10.325672232215139;8.97794159621025;0.0
2;10.080140284150467;16.13552984938941;0.0
1;10.322557986265592;9.001738685783678;0.0
2;10.07782292138308;16.15343146094877;0.0
1;10.317762077999303;9.025254622165233;0.0
2;10.07487667414584;16.172415642277052;0.0
1;10.312879320035007;9.048703593304689;0.0
2;10.072127407866907;16.19084122491826;0.0
1;10.309235007925505;9.072417504044802;0.0
2;10.069636383244;16.21070012761705;0.0
1;10.31069768492212;9.096089421386225;0.0
2;10.068910352355731;16.229944914926563;0.0
1;10.313417450155983;9.118891564082098;0.0
2;10.06817246255363;16.24856155619234;0.0
1;10.31576859427837;9.141391511109175;0.0
2;10.067408031374637;16.26651701299614;0.0
1;10.317953128357573;9.162722376306853;0.0
2;10.066603627403799;16.283845870117663;0.0
1;10.320685855067952;9.184434613911957;0.0
2;10.066316370106328;16.30359761525122;0.0
1;10.322449536644633;9.206554841724364;0.0
2;10.065938260655251;16.322703630170743;0.0
1;10.324101129986218;9.227519144099753;0.0
2;10.065475406874889;16.341209373359334;0.0
1;10.325643195115076;9.247409212120102;0.0
2;10.06492453200452;16.359119306649422;0.0
1;10.326875490667078;9.26771137104331;0.0
2;10.064279551278243;16.37641198065264;0.0
1;10.327679804556121;9.288568892816148;0.0
2;10.063538160384534;16.39306546836992;0.0
1;10.326852277656517;9.310252257030285;0.0
2;10.064662114611842;16.40909418935339;0.0
1;10.327004398321506;9.332103403410946;0.0
2;10.06711606767807;16.42630413380739;0.0
1;10.327122769850051;9.352856526468761;0.0
2;10.067544624731283;16.444593352840375;0.0
1;10.326740706491881;9.373002898025977;0.0
2;10.067949594127045;16.464448265997635;0.0
1;10.32636969506152;9.39243639380337;0.0
2;10.068654703929209;16.484370717610073;0.0
1;10.324737927383298;9.41290562942477;0.0
2;10.068946256020613;16.506088182394844;0.0
1;10.3231205186204;9.432798387408994;0.0
2;10.069453930956355;16.528975050093717;0.0
1;10.323169136153739;9.452748876479674;0.0
2;10.069748786512053;16.551041390700533;0.0
1;10.323643049040209;9.472289312425639;0.0
2;10.069833795826721;16.572197958109502;0.0
1;10.325316889281728;9.492077751036437;0.0
2;10.069393257493179;16.592993939074724;0.0
1;10.326761755442305;9.512717258082878;0.0
2;10.070872448714903;16.614120356519994;0.0
1;10.326512565060936;9.536229394693288;0.0
2;10.06989004955851;16.63810024167188;0.0
1;10.326756700997826;9.559243423937673;0.0
2;10.066447893611448;16.661852116596528;0.0
1;10.327553914663623;9.581921342494653;0.0
2;10.061951186504478;16.685427095391727;0.0
1;10.328064544075788;9.605540482381251;0.0
2;10.057495682962532;16.70900989607756;0.0
1;10.328485216227223;9.628213253824981;0.0
2;10.053057453578262;16.73259595382218;0.0
1;10.32653618435944;9.650980614044796;0.0
2;10.047886288513746;16.75603223023025;0.0
1;10.327464643867977;9.67329603321948;0.0
2;10.041187700458007;16.779078464587723;0.0
1;10.328291455450886;9.69491938215724;0.0
2;10.034458303633123;16.80211572176763;0.0
1;10.32891319326644;9.715701090784405;0.0
2;10.029726668162294;16.825644674693148;0.0
1;10.330800747990104;9.736332141363642;0.0
2;10.024590585710582;16.849088664478362;0.0
1;10.33221463329431;9.756661169086225;0.0
2;10.01961674887969;16.872567611370837;0.0
1;10.33488850755998;9.77949607567986;0.0
2;10.015075819542878;16.896134112187845;0.0
1;10.340394394786795;9.802855981626708;0.0
2;10.0117236702592;16.91989885698302;0.0
1;10.345432724666638;9.825494322568737;0.0
2;10.008549914796717;16.943688083037358;0.0
1;10.351023983474285;9.848326310356795;0.0
2;10.00556905135005;16.967502248005133;0.0
1;10.35607704766896;9.870106777226255;0.0
2;10.001430909239279;16.991142801718425;0.0
1;10.362018138275246;9.891346605732005;0.0
2;9.997525005650147;17.01482283375287;0.0
1;10.367449945675608;9.911716846485144;0.0
2;10.00103425165512;17.0385648891078;0.0
1;10.3716280449133;9.932901826092193;0.0
2;10.003817323939305;17.06240297855853;0.0
1;10.376050475897573;9.954647162493954;0.0
2;10.008746853356872;17.085891267975203;0.0
1;10.37862988293865;9.976677367146857;0.0
2;10.015502636945042;17.108920800929862;0.0
1;10.38048292036003;9.999380216231227;0.0
2;10.022429107490334;17.131899573868928;0.0
1;10.382010264426063;10.02098711699352;0.0
2;10.029001795996791;17.154982029669753;0.0
1;10.382070729039082;10.042971952034423;0.0
2;10.035699167929021;17.17802861746928;0.0
1;10.38191229801183;10.063896311516595;0.0
2;10.042469075576411;17.201054002383454;0.0
1;10.382878042976255;10.084682570577803;0.0
2;10.048291304529695;17.22433707885577;0.0
1;10.383471292793955;10.104623998608515;0.0
2;10.054286477754138;17.247576224666425;0.0
1;10.38360532399373;10.125213067398379;0.0
2;10.06058867730352;17.270733994007184;0.0
1;10.382107783366765;10.147546759061791;0.0
2;10.068141586358077;17.293514546344948;0.0
1;10.380465618227875;10.168772732334272;0.0
2;10.077204619610617;17.31573753957861;0.0
1;10.37829876255101;10.190929265841307;0.0
2;10.08683069164613;17.33772250574113;0.0
1;10.375468124825096;10.212374327590389;0.0
2;10.097679789112679;17.35913038009057;0.0
1;10.372238544776891;10.234598781273538;0.0
2;10.107588580070017;17.38098937965056;0.0
1;10.36903541311434;10.25580385537274;0.0
2;10.117613162877124;17.402795519601124;0.0
1;10.363047410197392;10.276840026726948;0.0
2;10.12694993760025;17.424904898555983;0.0
1;10.357186710736423;10.297189311036144;0.0
2;10.136085636816881;17.4470981182373;0.0
1;10.351519953459926;10.316898408019231;0.0
2;10.146434538020804;17.46875222278751;0.0
1;10.34603414785866;10.336019338333879;0.0
2;10.156868411365492;17.49036551238042;0.0
1;10.339913530425381;10.356140348787845;0.0
2;10.168571429583203;17.51131877858395;0.0
1;10.335600430418841;10.376199050315956;0.0
2;10.181034115874747;17.531829299064878;0.0
1;10.331396189874951;10.39540375516826;0.0
2;10.193512716059226;17.552330141424058;0.0
1;10.325566336943035;10.414154387640098;0.0
2;10.206012481016602;17.57281808607476;0.0
1;10.320126637154932;10.432569341310854;0.0
2;10.219777874840657;17.592478043675648;0.0
1;10.3142397661034;10.450969495517434;0.0
2;10.232683530900664;17.612712767337236;0.0
1;10.308531778434784;10.468608937854796;0.0
2;10.245647789811738;17.632909994644137;0.0
1;10.303052658866516;10.485453411124855;0.0
2;10.259555680386654;17.652469406183243;0.0
1;10.297670161322678;10.501989804197882;0.0
2;10.274161995770289;17.6715129234769;0.0
1;10.292024329925761;10.518659909109093;0.0
2;10.289776497232523;17.68973893083139;0.0
1;10.281310377441127;10.536901026606884;0.0
2;10.306298358870988;17.707146632804925;0.0
1;10.270538316795477;10.554714116255216;0.0
2;10.322867007824065;17.724509808547563;0.0
1;10.258591913049635;10.573398685548035;0.0
2;10.340188364120781;17.741122171896656;0.0
1;10.247347568688772;10.591226745580794;0.0
2;10.357942169692944;17.757271549213005;0.0
1;10.236777424188594;10.608368515176329;0.0
2;10.375695370214205;17.77342159166657;0.0
1;10.226756393594908;10.624834718842651;0.0
2;10.39286931281664;17.789810290809406;0.0
1;10.218747603734208;10.642329253046043;0.0
2;10.409317014702582;17.80548649938465;0.0
1;10.211216282493295;10.658975372703285;0.0
2;10.424813895447576;17.820319990240392;0.0
1;10.200683343237271;10.676233636485533;0.0
2;10.441200103394424;17.83785544544186;0.0
1;10.18979963965744;10.694525711279347;0.0
2;10.45679765245817;17.854667939416327;0.0
1;10.179641063981588;10.711897445862387;0.0
2;10.472928632157583;17.871696715171524;0.0
1;10.171153851929244;10.73078879482397;0.0
2;10.488115561080985;17.8878698823322;0.0
1;10.163237511201405;10.748702503263157;0.0
2;10.50210605520389;17.903893814398927;0.0
1;10.15759212037684;10.766860257894137;0.0
2;10.515935377908086;17.920523404562786;0.0
1;10.150794263349718;10.785184096969617;0.0
2;10.528984342361165;17.936339496422463;0.0
1;10.141413312278774;10.802984180110284;0.0
2;10.542685153423372;17.95146313319894;0.0
1;10.132708883329462;10.819840314169626;0.0
2;10.5563439388562;17.966894826884612;0.0
1;10.124629587853496;10.835816360038706;0.0
2;10.56917361795658;17.981587777231514;0.0
1;10.11468380012446;10.853424654783236;0.0
2;10.583804759333493;17.995766217641705;0.0
1;10.103845893756144;10.87235384915151;0.0
2;10.597489963052865;18.009278298819762;0.0
1;10.0934139588933;10.892137835374683;0.0
2;10.610416199486343;18.022309180014496;0.0
1;10.083614682600166;10.911239344941992;0.0
2;10.623500240041972;18.03419831617593;0.0
1;10.072873367084867;10.930569283722233;0.0
2;10.63681257175273;18.04690698318114;0.0
1;10.062228359076395;10.94973609034823;0.0
2;10.65057073043716;18.05954250174644;0.0
1;10.052989169485494;10.969750859258498;0.0
2;10.663642064205513;18.073299164046475;0.0
1;10.042800562497332;10.991480845168313;0.0
2;10.675832644641591;18.08647714394012;0.0
1;10.032113569474316;11.012970102487403;0.0
2;10.68851154182539;18.099118600166072;0.0
1;10.022304622635772;11.03487408755676;0.0
2;10.6997447127976;18.112856211866042;0.0
1;10.012679885120237;11.056859637987829;0.0
2;10.710663490271493;18.12718138194757;0.0
1;10.003430178638924;11.07849530530955;0.0
2;10.720966484387581;18.14161113924536;0.0
1;9.994789534362308;11.09920898936636;0.0
2;10.730975997058357;18.15598035721354;0.0
1;9.985648797303954;11.120491766618922;0.0
2;10.740287306899786;18.16973089236225;0.0
1;9.97650074056093;11.141683713267296;0.0
2;10.750224295205506;18.18267440811149;0.0
1;9.967615751921596;11.162341725384287;0.0
2;10.759388571722008;18.195320575207557;0.0
1;9.95934638876325;11.182068946096212;0.0
2;10.767827010551901;18.20736344851332;0.0
1;9.95345359649894;11.20224489881276;0.0
2;10.776412068776185;18.219087184933098;0.0
1;9.949684013262297;11.222858963095549;0.0
2;10.78449632338955;18.230496380383183;0.0
1;9.945708427529024;11.243314081393942;0.0
2;10.792809693520285;18.24327187665728;0.0
1;9.942919090225866;11.267151438575668;0.0
2;10.800435983924316;18.25541472761564;0.0
1;9.940409535982296;11.291019872489493;0.0
2;10.807032708332434;18.268817622176336;0.0
1;9.93828055043696;11.314209561492262;0.0
2;10.814418395511103;18.284392838944306;0.0
1;9.936224072427507;11.338121292884962;0.0
2;10.821198606445895;18.299149574549006;0.0
1;9.934480560929954;11.361784801793695;0.0
2;10.827608926539726;18.31339585474406;0.0
1;9.933102700057834;11.384499288618635;0.0
2;10.835187950743485;18.328441422346327;0.0
1;9.934259777335912;11.408471380145503;0.0
2;10.843534609177944;18.34333271429939;0.0
1;9.935823690566156;11.432420371260125;0.0
2;10.851332091129443;18.357663791870362;0.0
1;9.939129850361077;11.456191557755764;0.0
2;10.859641457248907;18.371793104259734;0.0
1;9.94264590512889;11.479932605729047;0.0
2;10.867260245817175;18.385201194324527;0.0
1;9.945178139764069;11.503798644104789;0.0
2;10.874212259543528;18.397866474187648;0.0
1;9.945341502778138;11.5277980881093;0.0
2;10.881713208826167;18.409364995424607;0.0
1;9.94651853472091;11.55176920814583;0.0
2;10.889625332056095;18.421936887969142;0.0
1;9.948146332122743;11.575713941922144;0.0
2;10.897252854774752;18.43420534332;0.0
1;9.950130422592956;11.599631788501759;0.0
2;10.90561505838369;18.44707105111815;0.0
1;9.952782709776749;11.623484783548392;0.0
2;10.91322482117372;18.459213292595663;0.0
1;9.955504265824066;11.647329974524379;0.0
2;10.922680245030595;18.470984823525114;0.0
1;9.9598854073508;11.670926703088371;0.0
2;10.932235147674572;18.483425649084793;0.0
1;9.964578463342185;11.694463381389731;0.0
2;10.942635265536879;18.49611964014895;0.0
1;9.96996997983107;11.717849949114605;0.0
2;10.9520641550157;18.50798842281567;0.0
1;9.975425913688603;11.741221572629932;0.0
2;10.960595301004997;18.519041048740345;0.0
1;9.980861305733642;11.764597981963204;0.0
2;10.969303319366409;18.531414920590155;0.0
1;9.986136463810626;11.78801107033836;0.0
2;10.978033471626627;18.54337146853119;0.0
1;9.992301343248934;11.811205773645606;0.0
2;10.985909718688466;18.55443852590633;0.0
1;9.998386786566481;11.83442144463804;0.0
2;10.993007892829578;18.564656902915814;0.0
1;10.00397416929738;11.857761992065605;0.0
2;10.999923212891572;18.574637937431138;0.0
1;10.008873083294475;11.88125668596974;0.0
2;11.007215571856513;18.585485481971823;0.0
1;10.013728634059628;11.904760379865957;0.0
2;11.016412300775409;18.596975969411517;0.0
1;10.018793584244301;11.928219840209852;0.0
2;11.024435468124308;18.608121035191058;0.0
1;10.024262551633027;11.951588417310331;0.0
2;11.031657176129157;18.61833444684762;0.0
1;10.02955292963006;11.974998071315644;0.0
2;11.038151095232738;18.627671909248093;0.0
1;10.034434609375024;11.997472880007747;0.0
2;11.043985469419503;18.636189821158233;0.0
1;10.037510854945774;12.019888021057078;0.0
2;11.05010510565568;18.645308068234556;0.0
1;10.041739607884399;12.041730998118032;0.0
2;11.055597753053855;18.653594592604417;0.0
1;10.044040718011944;12.063489240187234;0.0
2;11.061340718453904;18.66136512667795;0.0
1;10.04714975291265;12.085517746498216;0.0
2;11.066480270083671;18.668411308522437;0.0
1;10.050014804525526;12.10668140855199;0.0
2;11.071076717499912;18.67478983937408;0.0
1;10.052180937715699;12.129692555319686;0.0
2;11.07518497298848;18.68055524448799;0.0
1;10.05406616912708;12.152399866763473;0.0
2;11.078854890153934;18.685759441869337;0.0
1;10.055737649061594;12.176079773139168;0.0
2;11.082131622117375;18.690451446490044;0.0
1;10.057192186244356;12.198654671632234;0.0
2;11.085055982939176;18.694677192850875;0.0
1;10.05851423370478;12.220345470583322;0.0
2;11.08766480133575;18.69847945620504;0.0
1;10.059388724246451;12.242679838373038;0.0
2;11.089991259982531;18.70189785277601;0.0
1;10.058121914144422;12.266646381556512;0.0
2;11.09237591339792;18.70571556956348;0.0
1;10.056389779334705;12.290583793885354;0.0
2;11.096218133738871;18.71111513666373;0.0
1;10.053440829429007;12.314401931815379;0.0
2;11.099651781507376;18.71597237467777;0.0
1;10.04986513322753;12.338134070292027;0.0
2;11.10379976452164;18.724292499345047;0.0
1;10.04631287081374;12.361869727682198;0.0
2;11.107505391824475;18.73178009889091;0.0
1;10.045196867090285;12.38584376646771;0.0
2;11.110813140765005;18.738508627216568;0.0
1;10.042922469639025;12.409735755004323;0.0
2;11.113763549964155;18.744547236088223;0.0
1;10.039638090752293;12.433509960676194;0.0
2;11.11748064330106;18.750267775415555;0.0
1;10.036337932680954;12.457281981135216;0.0
2;11.121297790758746;18.75676355511278;0.0
1;10.033031905411773;12.48105318606251;0.0
2;11.12469023767439;18.762567638162736;0.0
1;10.030546457817968;12.50492414226997;0.0
2;11.127703015229393;18.767748041269225;0.0
1;10.028076565962406;12.52879671302014;0.0
2;11.130376931877441;18.772367426717185;0.0
1;10.024805767595081;12.552572790872476;0.0
2;11.132748833441841;18.776483190145015;0.0
1;10.020435152888073;12.576171471494131;0.0
2;11.134851880649567;18.780147647615298;0.0
1;10.016383231132616;12.599826955638145;0.0
2;11.136788574847154;18.784230876019535;0.0
1;10.011553501593129;12.623335969070771;0.0
2;11.138498937748844;18.787872633778523;0.0
1;10.006547587946681;12.646808097831586;0.0
2;11.140008664923453;18.79111891066296;0.0
1;10.001615359138553;12.670295820560371;0.0
2;11.141340696933861;18.794011316694668;0.0
1;9.996731623250382;12.69379367415968;0.0
2;11.142515474326864;18.796587400742442;0.0
1;9.991978881252335;12.717318372744359;0.0
2;11.143551179895873;18.79888097127492;0.0
1;9.98695431351703;12.74078651538653;0.0
2;11.144463965584748;18.800922410925946;0.0
1;9.982011247523017;12.764271959784685;0.0
2;11.145268162595663;18.802738979104543;0.0
1;9.976604300809532;12.786238529391392;0.0
2;11.1459764741807;18.804355098874616;0.0
1;9.971722544141931;12.80923913951279;0.0
2;11.146589096174992;18.806632209113385;0.0
1;9.96716964120591;12.83272843300189;0.0
2;11.147120799244755;18.80866430578634;0.0
1;9.962824714999698;12.855541784222332;0.0
2;11.147581756702891;18.810477391081896;0.0
1;9.959539071500842;12.877938366561919;0.0
2;11.147855222707385;18.812905541839672;0.0
1;9.956533227942254;12.899475709278445;0.0
2;11.148276442113106;18.8160370907221;0.0
1;9.955026533090603;12.92141331622153;0.0
2;11.148944741855596;18.820384361130497;0.0
1;9.954529919394842;12.943052488338358;0.0
2;11.149508518106728;18.824274684121;0.0
1;9.955368341123462;12.964865428214827;0.0
2;11.149982170462357;18.827754528611877;0.0
1;9.956274188725407;12.985655041597418;0.0
2;11.147859753812776;18.833031933436548;0.0
1;9.958504517344688;13.00524698183325;0.0
2;11.145912059112156;18.837774168821635;0.0
1;9.960832347443581;13.025217214720213;0.0
2;11.144126986153195;18.842032923030096;0.0
1;9.963258463454192;13.044436522355985;0.0
2;11.142492842630325;18.84585547942136;0.0
1;9.96446085158348;13.063960476525759;0.0
2;11.140998426720293;18.849284954546977;0.0
1;9.965678038065542;13.0825104852593;0.0
2;11.139633082174706;18.852360559041898;0.0
1;9.966864554164262;13.103636773608924;0.0
2;11.138386731664976;18.855117869130833;0.0
1;9.968407412156283;13.12528276906449;0.0
2;11.137249893090281;18.857589099719284;0.0
1;9.96997357204959;13.14590295621961;0.0
2;11.136213682692652;18.859803372551447;0.0
1;9.971683010419698;13.165774464653845;0.0
2;11.135269808105324;18.861786974887163;0.0
1;9.97456036170491;13.185630496355538;0.0
2;11.133951425972896;18.86425692909418;0.0
1;9.978219377350797;13.206272274382973;0.0
2;11.132751012999805;18.86647307913619;0.0
1;9.981932845998225;13.22653370474726;0.0
2;11.131658671949165;18.868461087273673;0.0
1;9.986175498152642;13.24658850597201;0.0
2;11.130665221109158;18.870244118812202;0.0
1;9.989890258033112;13.26784140539489;0.0
2;11.128989021880198;18.87224495128861;0.0
1;9.993037336906989;13.289852670581205;0.0
2;11.127469683839541;18.87404411573073;0.0
1;9.997082975423204;13.313509230115425;0.0
2;11.126093097105306;18.875661635126992;0.0
1;10.002275827924182;13.336296173709583;0.0
2;11.12484631680131;18.87711561270045;0.0
1;10.007221993183462;13.358202356986883;0.0
2;11.123717486928204;18.878422401016152;0.0
1;10.011874625550876;13.379164372881405;0.0
2;11.122695765012464;18.87959675952425;0.0
1;10.016208119223469;13.401525625040916;0.0
2;11.121771248619707;18.880652000530787;0.0
1;10.020281108535142;13.423295980592789;0.0
2;11.120934904517519;18.881600123832254;0.0
1;10.024120531503982;13.444439422434971;0.0
2;11.12017850103091;18.88245194042084;0.0
1;10.02550170895279;13.465726898134823;0.0
2;11.11949454394121;18.883217185781465;0.0
1;10.028703542033048;13.487652833204177;0.0
2;11.118876216128674;18.883904623372366;0.0
1;10.032706443660656;13.50985300353466;0.0
2;11.118317321042767;18.8845221389192;0.0
1;10.036715475490396;13.531719281768883;0.0
2;11.11781222999578;18.885076826166394;0.0
1;10.040520961775199;13.55300407618965;0.0
2;11.117355833209736;18.885575064725757;0.0
1;10.046181153577406;13.576157645669792;0.0
2;11.11694349449894;18.88602259064592;0.0
1;10.05082088072337;13.599704894596385;0.0
2;11.116571009437255;18.886424560301407;0.0
1;10.055320421224161;13.622932538159821;0.0
2;11.116234566837186;18.88678560816954;0.0
1;10.060721320749993;13.646316940745987;0.0
2;11.115930713354658;18.887109899029547;0.0
1;10.067462453641955;13.669350766466716;0.0
2;11.115656321026838;18.887401175082918;0.0
1;10.075298367761315;13.692035528971843;0.0
2;11.11540855754898;18.887662798458035;0.0
1;10.082974830982558;13.714774744270812;0.0
2;11.115184859098642;18.887897789526843;0.0
1;10.090220102391509;13.737376601205451;0.0
2;11.11498290552084;18.88810886142697;0.0
1;10.096522029148817;13.759939681613645;0.0
2;11.11480059769473;18.88829845114999;0.0
1;10.100812407145956;13.783553081551851;0.0
2;11.11463603691092;18.888468747525476;0.0
1;10.105323760372567;13.807125262020886;0.0
2;11.114487506097678;18.8886217164015;0.0
1;10.108982306446997;13.830844769617404;0.0
2;11.114353452744039;18.888759123295053;0.0
1;10.112544654825337;13.854578915357905;0.0
2;11.114232473377582;18.888882553760876;0.0
1;10.115797295798533;13.877407661094281;0.0
2;11.114123299464493;18.88899343170398;0.0
1;10.119398270456607;13.899843267368343;0.0
2;11.114024784608993;18.889093035839913;0.0
1;10.121236024111521;13.922161914394987;0.0
2;11.113935892938498;18.889182514487356;0.0
1;10.12279446732777;13.943364302414096;0.0
2;11.113855688569648;18.889262898859847;0.0
1;10.125206427759155;13.965121509700346;0.0
2;11.113783326058712;18.889335115007263;0.0
1;10.128635831989346;13.986409423789366;0.0
2;11.113718041747726;18.889399994542885;0.0
1;10.131355768786833;14.008219914587661;0.0
2;11.113659145925123;18.88945828427859;0.0
1;10.133676710277491;14.029116586289867;0.0
2;11.113606015726473;18.88951065487855;0.0
1;10.135573492779441;14.051477755106427;0.0
2;11.113558088707334;18.889557708630793;0.0
1;10.13719190737067;14.072814130488084;0.0
2;11.113514857026129;18.889599986426177;0.0
1;10.138678032108395;14.09345775126213;0.0
2;11.113475862180465;18.88963797402524;0.0
1;10.140098213883622;14.115992970844466;0.0
2;11.113440690245282;18.88967210768538;0.0
1;10.142197162053149;14.139186488560075;0.0
2;11.113408967565888;18.88970277921347;0.0
1;10.14404927767739;14.16143519409178;0.0
2;11.113380356863168;18.889730340502474;0.0
1;10.145693343278797;14.182713492464561;0.0
2;11.113354553712131;18.889755107604696;0.0
1;10.145476689426507;14.203869493019903;0.0
2;11.113331283358542;18.88977736438889;0.0
1;10.145207685411703;14.224073243564064;0.0
2;11.113310297841588;18.88979736582379;0.0
1;10.144905507566653;14.243371505808037;0.0
2;11.113291373393542;18.889815340926152;0.0
1;10.145850896422488;14.262867561544553;0.0
2;11.113274308090052;18.88983149540765;0.0
1;10.14743441056633;14.284049769485215;0.0
2;11.11325891972716;18.889846014051333;0.0
1;10.150313769113158;14.304291378731003;0.0
2;11.11324504390339;18.889859062845364;0.0
1;10.152367902047963;14.325514960467677;0.0
2;11.113232532287274;18.88987079089879;0.0
1;10.154571687927865;14.347604454146351;0.0
2;11.11322125105255;18.88988133216169;0.0
1;10.156189460666832;14.369181195037875;0.0
2;11.113211079464934;18.889890806969646;0.0
1;10.15778831963414;14.390200364826452;0.0
2;11.113201908605884;18.889899323430562;0.0
1;10.159175597456878;14.410355481232232;0.0
2;11.1131936402202;18.88990697866989;0.0
1;10.159010464612704;14.431222068902082;0.0
2;11.113186185675486;18.889913859948805;0.0
1;10.158711670842045;14.451256656426715;0.0
2;11.113179465022727;18.889920045668262;0.0
1;10.156537310405293;14.471359873189323;0.0
2;11.113173406148174;18.889925606270634;0.0
1;10.154357248879823;14.490648368210007;0.0
2;11.113167944007754;18.889930605049397;0.0
1;10.15377819392257;14.510192132646786;0.0
2;11.113163019935982;18.889935098876247;0.0
1;10.154027885856515;14.530844974768486;0.0
2;11.113163019935982;18.889935098876247;0.0
1;10.155129650009487;14.551531504936932;0.0
2;11.113163019935982;18.889935098876247;0.0
1;10.156114397977573;14.57417997568582;0.0
2;11.113163019935982;18.889935098876247;0.0
1;10.15910584068384;14.597992814041108;0.0
2;11.113163019935982;18.889935098876247;0.0
1;10.16332646415287;14.621618781482308;0.0
1;10.164985233117125;14.645561389642724;0.0
1;10.165983764116296;14.669540608475783;0.0
1;10.167141236911531;14.693512680908684;0.0
1;10.166626501979117;14.717507160439387;0.0
1;10.16598767854986;14.741498656945987;0.0
1;10.165239238914934;14.765486984068003;0.0
1;10.164422295714198;14.789382451514895;0.0
1;10.161826499909889;14.812106759114528;0.0
1;10.159332806905052;14.833766330024272;0.0
1;10.156904214561068;14.855510518886456;0.0
1;10.154177338025422;14.878855273183039;0.0
1;10.152215226055203;14.902774932808885;0.0
1;10.150324247504733;14.925668029748671;0.0
1;10.147723797495283;14.949067752784723;0.0
1;10.145155756785773;14.97152701759974;0.0
1;10.142683787676223;14.992978285114393;0.0
1;10.138714725596163;15.014533993334112;0.0
1;10.138489087749427;15.037363788060485;0.0
1;10.13770600626571;15.061351009312432;0.0
1;10.13618344474244;15.085302664921343;0.0
1;10.134571651877637;15.109248481335928;0.0
1;10.132935838117572;15.13255156723572;0.0
1;10.131379992690105;15.155054717654497;0.0
1;10.128134658418368;15.177255515626598;0.0
1;10.124414605597702;15.199928362446784;0.0
1;10.12224197351442;15.223829819930183;0.0
1;10.121433886534579;15.247816211810434;0.0
1;10.121665356487355;15.27181509556908;0.0
1;10.123391493537033;15.295752941146445;0.0
1;10.12538159643039;15.31967028820823;0.0
1;10.126236101050857;15.343655071339489;0.0
1;10.127072435752584;15.367640494918543;0.0
1;10.127878168183706;15.391626966006418;0.0
1;10.130296831447705;15.415504781400951;0.0
1;10.13266836989364;15.43938732325477;0.0
1;10.13577800932588;15.463185015214316;0.0
1;10.139240996580071;15.486933861907941;0.0
1;10.14258013103723;15.510700438882276;0.0
1;10.145788432388768;15.53448503058442;0.0
1;10.14974846950414;15.558156069979532;0.0
1;10.153449556739039;15.581579571891483;0.0
1;10.156797726845182;15.604032295889686;0.0
1;10.158047706238065;15.626452423050711;0.0
1;10.158820921240483;15.650439964370323;0.0
1;10.159116372530812;15.67443814572923;0.0
1;10.160676521947897;15.698387382330766;0.0
1;10.162098891588737;15.722345196600955;0.0
1;10.163376457827768;15.746311168822103;0.0
1;10.164401491044273;15.77028926939127;0.0
1;10.16490336140195;15.794284021445502;0.0
1;10.165271695487125;15.81828119482075;0.0
1;10.166481622870203;15.842250676995542;0.0
1;10.167555804971604;15.866226626044808;0.0
1;10.168466843115457;15.889604897595435;0.0
1;10.169205447608327;15.911832677073672;0.0
1;10.169504233340216;15.934275057168852;0.0
1;10.16970144690873;15.955606751370953;0.0
1;10.171192627664409;15.976609870810345;0.0
1;10.171626515290418;15.998239788699127;0.0
1;10.171977991991003;16.018832550947714;0.0
1;10.171700051677785;16.038890904733602;0.0
1;10.171792659695338;16.058483510556933;0.0
1;10.170657091025047;16.0787193003711;0.0
1;10.167820042095558;16.09865277719014;0.0
1;10.165105454395459;16.117665246490336;0.0
1;10.162633462655307;16.1360866873055;0.0
1;10.161975200159041;16.15413321535646;0.0
1;10.161164339216885;16.171585585336523;0.0
1;10.160365619635563;16.18824549025211;0.0
1;10.158408608386674;16.208053669161156;0.0
1;10.156501781171118;16.227086082448363;0.0
1;10.154636635023367;16.245394927621543;0.0
1;10.15011904728863;16.26364381524623;0.0
1;10.14580211876623;16.281235278325656;0.0
1;10.141678820831123;16.298273721586973;0.0
1;10.137265287108864;16.31689012870045;0.0
1;10.132972368606836;16.33500681575785;0.0
1;10.128845392794238;16.352518510263597;0.0
1;10.124875327306572;16.369436020774167;0.0
1;10.122570165567778;16.38763070114696;0.0
1;10.120301168072006;16.405173098938807;0.0
1;10.118573450938253;16.42265559078764;0.0
1;10.117050361441876;16.439872249586326;0.0
1;10.11559060244985;16.458914130066724;0.0
1;10.11270632452146;16.479332421038393;0.0
1;10.109805917827067;16.498971287465956;0.0
1;10.107048503682412;16.522413049619338;0.0
1;10.104276203029197;16.54493188869134;0.0
1;10.103451746537788;16.567434763111123;0.0
1;10.102534126682672;16.589158228225386;0.0
1;10.101564440854101;16.61030081258998;0.0
1;10.102285032806147;16.631686009354542;0.0
1;10.100434444710613;16.655614555564053;0.0
1;10.09845852163692;16.679533078261052;0.0
1;10.096045642058092;16.703251468012088;0.0
1;10.093659383638789;16.72606805945794;0.0
1;10.091330758068096;16.749096171637028;0.0
1;10.089690024207624;16.773040022463473;0.0
1;10.086984067960797;16.79688698874412;0.0
1;10.082851910620867;16.820528589276194;0.0
1;10.077221134749017;16.843858706358645;0.0
1;10.071124172575608;16.867071354898957;0.0
1;10.065179557876428;16.89032348503962;0.0
1;10.0599581283053;16.913748614137102;0.0
1;10.05491109974158;16.93721193663578;0.0
1;10.050052913836787;16.960715085993144;0.0
1;10.045397564503086;16.98425925135489;0.0
1;10.040975359741703;17.007848318844903;0.0
1;10.04704219345809;17.03106885993803;0.0
1;10.05298583812809;17.05432123805376;0.0
1;10.058071183512515;17.077776285747618;0.0
1;10.063507740252675;17.101152424239913;0.0
1;10.069083666368611;17.124495711239597;0.0
1;10.074247144602223;17.147933682408855;0.0
1;10.079595333351392;17.17133019661724;0.0
1;10.08544711234588;17.19460586379564;0.0
1;10.093034530541368;17.217374945576132;0.0
1;10.100749846718319;17.240101007625896;0.0
1;10.108734132836235;17.26273397418327;0.0
1;10.116440399607185;17.285463106424842;0.0
1;10.125452345036992;17.3077068659895;0.0
1;10.133845752059093;17.330191321032068;0.0
1;10.142881543634822;17.352425404566137;0.0
1;10.151556902636054;17.37480258370471;0.0
1;10.159307490025286;17.39751664091873;0.0
1;10.169652810024683;17.41917245662976;0.0
1;10.178875790567885;17.441329546463482;0.0
1;10.188231556840668;17.46343089568585;0.0
1;10.198505627472136;17.485120604597213;0.0
1;10.209916077792952;17.506234619456453;0.0
1;10.222319696935324;17.52678091430908;0.0
1;10.236876423163118;17.545862363979612;0.0
1;10.251405182329234;17.564965116584748;0.0
1;10.265904590422602;17.584090156844628;0.0
1;10.281273970570973;17.60252333762969;0.0
1;10.297442795105258;17.62025943396399;0.0
1;10.313992805900886;17.63764037590235;0.0
1;10.329416002365702;17.656028551744658;0.0
1;10.345569765804479;17.673778366582116;0.0
1;10.361723097585026;17.69152857425379;0.0
1;10.37788707421427;17.709269088889204;0.0
1;10.394377800432142;17.726706289031636;0.0
1;10.41017615344378;17.743435938834374;0.0
1;10.425392494020668;17.75945610782745;0.0
1;10.439387049055405;17.776248845538554;0.0
1;10.453916717459828;17.7926928722936;0.0
1;10.467958974065871;17.809782782416846;0.0
1;10.481731948646802;17.827732091803735;0.0
1;10.495899047192054;17.845794138579635;0.0
1;10.509075739316513;17.863512525237216;0.0
1;10.52150596773879;17.8803440310816;0.0
1;10.534863379348414;17.8971847764056;0.0
1;10.548760342421074;17.91333015434883;0.0
1;10.561832052504208;17.92869740237867;0.0
1;10.57411698695955;17.94332425559924;0.0
1;10.587487653700924;17.958872155287192;0.0
1;10.600412691627255;17.974443093504103;0.0
1;10.61353959577669;17.988755282139945;0.0
1;10.625804711769382;18.00238352079579;0.0
1;10.637406581387031;18.015527770262683;0.0
1;10.650676410026284;18.02989075325264;0.0
1;10.66307616352239;18.043610601073674;0.0
1;10.674652004731032;18.056723417528136;0.0
1;10.687015126720727;18.0709580287098;0.0
1;10.698549679878212;18.08458899374208;0.0
1;10.710448999891025;18.097327932254476;0.0
1;10.722590457755311;18.111163441220384;0.0
1;10.734224460886468;18.12474316324311;0.0
1;10.744114461982337;18.139293204668867;0.0
1;10.753421373210495;18.153356327562253;0.0
1;10.76197288491997;18.167290356588587;0.0
1;10.769904867892462;18.18059574686093;0.0
1;10.778081931013558;18.193824008377995;0.0
1;10.785614869096127;18.206414958747683;0.0
1;10.792756914562728;18.21865082390849;0.0
1;10.799315820803818;18.230273441804115;0.0
1;10.806246303350907;18.24323274248447;0.0
1;10.812608582545455;18.25553223616759;0.0
1;10.819364546517766;18.270188475337783;0.0
1;10.825604134396771;18.285823152237153;0.0
1;10.831337042913182;18.30062136968949;0.0
1;10.837373361957601;18.31527170088908;0.0
1;10.844061089967282;18.330345997941524;0.0
1;10.851638769127042;18.345307667983487;0.0
1;10.85972683630887;18.359989615133586;0.0
1;10.867239543958709;18.37405618856749;0.0
1;10.875302241042784;18.38695529222187;0.0
1;10.882645308729291;18.399142925625554;0.0
1;10.889320105134304;18.410636401870875;0.0
1;10.896928409676354;18.423607901554707;0.0
1;10.903851224062976;18.435843962869516;0.0
1;10.911581684707215;18.448679289626973;0.0
1;10.918617950618533;18.460789145894076;0.0
1;10.928527588839337;18.47388007152685;0.0
1;10.93887154362978;18.486763046991413;0.0
1;10.948646737214407;18.49928783239654;0.0
1;10.958250467110366;18.510417695829346;0.0
1;10.96694238540421;18.521222683781414;0.0
1;10.975901904881818;18.533950585565645;0.0
1;10.983988958254061;18.545748020299108;0.0
1;10.991280024695081;18.556655142730353;0.0
1;10.997846829473952;18.566715679235138;0.0
1;11.004286155102287;18.57655034527472;0.0
1;11.011264867201158;18.58778116628581;0.0
1;11.0200662467252;18.59909626244326;0.0
1;11.02773047837527;18.61006920244067;0.0
1;11.034626223718954;18.620118452243045;0.0
1;11.040824642901791;18.62930052734458;0.0
1;11.046391542305363;18.637672363098087;0.0
1;11.052270652178374;18.646654390838847;0.0
1;11.058446580302919;18.65447987949705;0.0
1;11.063900995818852;18.662162585647728;0.0
1;11.068780350812524;18.66912712228441;0.0
1;11.073142379818568;18.675430308328476;0.0
1;11.077039600932371;18.681126627092926;0.0
1;11.080519657093706;18.686267831655375;0.0
1;11.083625670885597;18.69090268199177;0.0
1;11.086396598738638;18.695076795755618;0.0
1;11.088867575259988;18.6988325927516;0.0
1;11.091070242073169;18.702209313651913;0.0
1;11.093344143699495;18.70599129166638;0.0
1;11.097088095697902;18.711359844303832;0.0
1;11.101351226616961;18.71692882996491;0.0
1;11.10532819476051;18.725148872146484;0.0
1;11.108879422084202;18.732545090959608;0.0
1;11.112047908128467;18.7391905854153;0.0
1;11.115964718882063;18.74546061514443;0.0
1;11.120426084473392;18.751935921023378;0.0
1;11.124401411270547;18.757723366643024;0.0
1;11.127477513934661;18.763404079241873;0.0
1;11.13020580546209;18.768474913740782;0.0
1;11.132624045013436;18.772997365203324;0.0
1;11.134766272757519;18.77702766574555;0.0
1;11.136663081438817;18.780617004534218;0.0
1;11.138414295012693;18.78463603180977;0.0
1;11.139958133633307;18.788221452731;0.0
1;11.141318393457322;18.79141842163567;0.0
1;11.142516292576996;18.79426777535958;0.0
1;11.143570713533826;18.79680635441208;0.0
1;11.144498432800864;18.79906732353573;0.0
1;11.145314335028155;18.801080484219746;0.0
1;11.146031610913466;18.802872574073092;0.0
1;11.146661938374512;18.804467549770916;0.0
1;11.14720438544603;18.80672683040885;0.0
1;11.147673118935788;18.808743550073633;0.0
1;11.148077574302102;18.81054340489499;0.0
1;11.148300172254254;18.81296031026192;0.0
1;11.148675697216547;18.816082652607133;0.0
1;11.149303201746088;18.82042199526222;0.0
1;11.149830336898733;18.824305513492202;0.0
1;11.150271086425807;18.827779538474033;0.0
1;11.148119258993749;18.8330523029152;0.0
1;11.146145061533405;18.837790604441228;0.0
1;11.144336124241093;18.84204603497998;0.0
1;11.142680506458193;18.845865793367896;0.0
1;11.141166778404408;18.849292922223476;0.0
1;11.13978407523982;18.852366567703832;0.0
1;11.138522129272383;18.85512224995819;0.0
1;11.137371285075178;18.85759213524877;0.0
1;11.136322501396155;18.859805303222643;0.0
1;11.135367343014478;18.861788004786632;0.0
1;11.134038854574674;18.864257152819405;0.0
1;11.132829370141575;18.86647265988556;0.0
1;11.131728889301574;18.86846016221424;0.0
1;11.130728136859029;18.87024280280465;0.0
1;11.129045467355308;18.87224328463403;0.0
1;11.127520316006832;18.87404219072242;0.0
1;11.126138508160794;18.875659527951154;0.0
1;11.124887040139502;18.877113385878165;0.0
1;11.123754002649873;18.878420105502727;0.0
1;11.12272850498705;18.879594436510725;0.0
1;11.12180060112289;18.880649682987173;0.0
1;11.120961218467423;18.881597837827357;0.0
1;11.120202089847966;18.88244970624919;0.0
1;11.11951568905747;18.883215018923952;0.0
1;11.118895170172364;18.883902535313776;0.0
1;11.118334310723334;18.884520137842713;0.0
1;11.117827458713833;18.88507491754248;0.0
1;11.117369483415125;18.885573251810488;0.0
1;11.11695572981891;18.88602087490174;0.0
1;11.116581976595228;18.886422941751515;0.0
1;11.116244397381305;18.886784085695567;0.0
1;11.115939525213774;18.887108470620838;0.0
1;11.115664219910256;18.88739983804457;0.0
1;11.115415638204913;18.887661549583804;0.0
1;11.11519120644508;18.887896625242227;0.0
1;11.114988595661295;18.88810777790697;0.0
1;11.114805698830233;18.888297444415432;0.0
1;11.114640610158585;18.88846781352123;0.0
1;11.114491606225183;18.888620851059407;0.0
1;11.114357128828482;18.888758322584014;0.0
1;11.11423576939638;18.888881813726172;0.0
1;11.11412625482521;18.888992748497593;0.0
1;11.114027434624337;18.889092405743348;0.0
1;11.113938269252099;18.88918193392826;0.0
1;11.113857819537667;18.88926236442351;0.0
1;11.11378523709182;18.889334623443897;0.0
1;11.11371975561755;18.88939954277151;0.0
1;11.11366068303883;18.88945786938816;0.0
1;11.11360739437278;18.889510274126856;0.0
1;11.113559325276912;18.889557359441646;0.0
1;11.113515966209066;18.889599666385244;0.0
1;11.113476857143159;18.889637680874852;0.0
1;11.113441582788903;18.889671839318588;0.0
1;11.113409768268346;18.889702533667574;0.0
1;11.113381075206275;18.889730115952222;0.0
1;11.11335519819553;18.889754902355257;0.0
1;11.113331861601752;18.889777176868783;0.0
1;11.113310816675435;18.88979719457782;0.0
1;11.113291838942056;18.88981518460846;0.0
1;11.113274725843842;18.88983135277489;0.0
1;11.11325929460915;18.88984588395611;0.0
1;11.113245380327708;18.889858944229857;0.0
1;11.113232834212015;18.889870682788676;0.0
1;11.113221522027054;18.88988123366033;0.0
1;11.113211322672141;18.88989071725257;0.0
1;11.113202126900292;18.88989924174024;0.0
1;11.11319383616187;18.88990690431081;0.0
1;11.113186361560519;18.889913792282833;0.0
1;11.113179622910573;18.88991998411029;0.0
1;11.113173547886113;18.889925550284502;0.0
1;11.113168071252826;18.88993055414409;0.0
1;11.113163134174647;18.889935052602343;0.0
1;11.113163134174647;18.889935052602343;0.0
1;11.113163134174647;18.889935052602343;0.0
1;11.113163134174647;18.889935052602343;0.0
1;11.113163134174647;18.889935052602343;0.0
